_indiv,_obsind,_session,highcostrank,rank,samegrouprank,treatment_RankHet,treatment_RankHom
1,1.0,1,0.0,1.0,1.0,0,1
1,1.0,1,0.0,2.0,1.0,0,1
1,1.0,1,0.0,3.0,1.0,0,1
1,1.0,1,0.0,4.0,0.0,0,1
1,1.0,1,0.0,5.0,0.0,0,1
1,1.0,1,0.0,6.0,0.0,0,1
1,1.0,1,0.0,7.0,0.0,0,1
2,1.0,1,0.0,1.0,1.0,0,1
2,1.0,1,0.0,2.0,1.0,0,1
2,1.0,1,0.0,3.0,1.0,0,1
2,1.0,1,0.0,4.0,0.0,0,1
2,1.0,1,0.0,5.0,0.0,0,1
2,1.0,1,0.0,6.0,0.0,0,1
2,1.0,1,0.0,7.0,0.0,0,1
3,1.0,1,0.0,1.0,1.0,0,1
3,1.0,1,0.0,2.0,1.0,0,1
3,1.0,1,0.0,3.0,1.0,0,1
3,1.0,1,0.0,4.0,0.0,0,1
3,1.0,1,0.0,5.0,0.0,0,1
3,1.0,1,0.0,6.0,0.0,0,1
3,1.0,1,0.0,7.0,0.0,0,1
4,1.0,1,0.0,1.0,1.0,0,1
4,1.0,1,0.0,2.0,1.0,0,1
4,1.0,1,0.0,3.0,1.0,0,1
4,1.0,1,0.0,4.0,0.0,0,1
4,1.0,1,0.0,5.0,0.0,0,1
4,1.0,1,0.0,6.0,0.0,0,1
4,1.0,1,0.0,7.0,0.0,0,1
5,1.0,1,0.0,1.0,1.0,0,1
5,1.0,1,0.0,2.0,1.0,0,1
5,1.0,1,0.0,3.0,1.0,0,1
5,1.0,1,0.0,4.0,0.0,0,1
5,1.0,1,0.0,5.0,0.0,0,1
5,1.0,1,0.0,6.0,0.0,0,1
5,1.0,1,0.0,7.0,0.0,0,1
6,1.0,1,0.0,1.0,1.0,0,1
6,1.0,1,0.0,2.0,1.0,0,1
6,1.0,1,0.0,3.0,1.0,0,1
6,1.0,1,0.0,4.0,0.0,0,1
6,1.0,1,0.0,5.0,0.0,0,1
6,1.0,1,0.0,6.0,0.0,0,1
6,1.0,1,0.0,7.0,0.0,0,1
7,1.0,1,0.0,1.0,1.0,0,1
7,1.0,1,0.0,2.0,1.0,0,1
7,1.0,1,0.0,3.0,1.0,0,1
7,1.0,1,0.0,4.0,0.0,0,1
7,1.0,1,0.0,5.0,0.0,0,1
7,1.0,1,0.0,6.0,0.0,0,1
7,1.0,1,0.0,7.0,0.0,0,1
8,1.0,1,0.0,1.0,1.0,0,1
8,1.0,1,0.0,2.0,1.0,0,1
8,1.0,1,0.0,3.0,1.0,0,1
8,1.0,1,0.0,4.0,0.0,0,1
8,1.0,1,0.0,5.0,0.0,0,1
8,1.0,1,0.0,6.0,0.0,0,1
8,1.0,1,0.0,7.0,0.0,0,1
9,2.0,1,0.0,1.0,1.0,0,1
9,2.0,1,0.0,2.0,1.0,0,1
9,2.0,1,0.0,3.0,1.0,0,1
9,2.0,1,0.0,4.0,0.0,0,1
9,2.0,1,0.0,5.0,0.0,0,1
9,2.0,1,0.0,6.0,0.0,0,1
9,2.0,1,0.0,7.0,0.0,0,1
10,2.0,1,0.0,1.0,1.0,0,1
10,2.0,1,0.0,2.0,1.0,0,1
10,2.0,1,0.0,3.0,1.0,0,1
10,2.0,1,0.0,4.0,0.0,0,1
10,2.0,1,0.0,5.0,0.0,0,1
10,2.0,1,0.0,6.0,0.0,0,1
10,2.0,1,0.0,7.0,0.0,0,1
11,2.0,1,0.0,1.0,1.0,0,1
11,2.0,1,0.0,2.0,1.0,0,1
11,2.0,1,0.0,3.0,1.0,0,1
11,2.0,1,0.0,4.0,0.0,0,1
11,2.0,1,0.0,5.0,0.0,0,1
11,2.0,1,0.0,6.0,0.0,0,1
11,2.0,1,0.0,7.0,0.0,0,1
12,2.0,1,0.0,1.0,1.0,0,1
12,2.0,1,0.0,2.0,1.0,0,1
12,2.0,1,0.0,3.0,1.0,0,1
12,2.0,1,0.0,4.0,0.0,0,1
12,2.0,1,0.0,5.0,0.0,0,1
12,2.0,1,0.0,6.0,0.0,0,1
12,2.0,1,0.0,7.0,0.0,0,1
13,2.0,1,0.0,1.0,1.0,0,1
13,2.0,1,0.0,2.0,1.0,0,1
13,2.0,1,0.0,3.0,1.0,0,1
13,2.0,1,0.0,4.0,0.0,0,1
13,2.0,1,0.0,5.0,0.0,0,1
13,2.0,1,0.0,6.0,0.0,0,1
13,2.0,1,0.0,7.0,0.0,0,1
14,2.0,1,0.0,1.0,1.0,0,1
14,2.0,1,0.0,2.0,1.0,0,1
14,2.0,1,0.0,3.0,1.0,0,1
14,2.0,1,0.0,4.0,0.0,0,1
14,2.0,1,0.0,5.0,0.0,0,1
14,2.0,1,0.0,6.0,0.0,0,1
14,2.0,1,0.0,7.0,0.0,0,1
15,2.0,1,0.0,1.0,1.0,0,1
15,2.0,1,0.0,2.0,1.0,0,1
15,2.0,1,0.0,3.0,1.0,0,1
15,2.0,1,0.0,4.0,0.0,0,1
15,2.0,1,0.0,5.0,0.0,0,1
15,2.0,1,0.0,6.0,0.0,0,1
15,2.0,1,0.0,7.0,0.0,0,1
16,2.0,1,0.0,1.0,1.0,0,1
16,2.0,1,0.0,2.0,0.0,0,1
16,2.0,1,0.0,3.0,0.0,0,1
16,2.0,1,0.0,4.0,0.0,0,1
16,2.0,1,0.0,5.0,0.0,0,1
16,2.0,1,0.0,6.0,1.0,0,1
16,2.0,1,0.0,7.0,1.0,0,1
17,3.0,1,0.0,1.0,1.0,0,1
17,3.0,1,0.0,2.0,1.0,0,1
17,3.0,1,0.0,3.0,1.0,0,1
17,3.0,1,0.0,4.0,0.0,0,1
17,3.0,1,0.0,5.0,0.0,0,1
17,3.0,1,0.0,6.0,0.0,0,1
17,3.0,1,0.0,7.0,0.0,0,1
18,3.0,1,0.0,1.0,0.0,0,1
18,3.0,1,0.0,2.0,0.0,0,1
18,3.0,1,0.0,3.0,0.0,0,1
18,3.0,1,0.0,4.0,0.0,0,1
18,3.0,1,0.0,5.0,1.0,0,1
18,3.0,1,0.0,6.0,1.0,0,1
18,3.0,1,0.0,7.0,1.0,0,1
19,3.0,1,0.0,1.0,1.0,0,1
19,3.0,1,0.0,2.0,1.0,0,1
19,3.0,1,0.0,3.0,1.0,0,1
19,3.0,1,0.0,4.0,0.0,0,1
19,3.0,1,0.0,5.0,0.0,0,1
19,3.0,1,0.0,6.0,0.0,0,1
19,3.0,1,0.0,7.0,0.0,0,1
20,3.0,1,0.0,1.0,1.0,0,1
20,3.0,1,0.0,2.0,1.0,0,1
20,3.0,1,0.0,3.0,1.0,0,1
20,3.0,1,0.0,4.0,0.0,0,1
20,3.0,1,0.0,5.0,0.0,0,1
20,3.0,1,0.0,6.0,0.0,0,1
20,3.0,1,0.0,7.0,0.0,0,1
21,3.0,1,0.0,1.0,1.0,0,1
21,3.0,1,0.0,2.0,1.0,0,1
21,3.0,1,0.0,3.0,1.0,0,1
21,3.0,1,0.0,4.0,0.0,0,1
21,3.0,1,0.0,5.0,0.0,0,1
21,3.0,1,0.0,6.0,0.0,0,1
21,3.0,1,0.0,7.0,0.0,0,1
22,3.0,1,0.0,1.0,1.0,0,1
22,3.0,1,0.0,2.0,1.0,0,1
22,3.0,1,0.0,3.0,1.0,0,1
22,3.0,1,0.0,4.0,0.0,0,1
22,3.0,1,0.0,5.0,0.0,0,1
22,3.0,1,0.0,6.0,0.0,0,1
22,3.0,1,0.0,7.0,0.0,0,1
23,3.0,1,0.0,1.0,1.0,0,1
23,3.0,1,0.0,2.0,1.0,0,1
23,3.0,1,0.0,3.0,1.0,0,1
23,3.0,1,0.0,4.0,0.0,0,1
23,3.0,1,0.0,5.0,0.0,0,1
23,3.0,1,0.0,6.0,0.0,0,1
23,3.0,1,0.0,7.0,0.0,0,1
24,3.0,1,0.0,1.0,1.0,0,1
24,3.0,1,0.0,2.0,1.0,0,1
24,3.0,1,0.0,3.0,1.0,0,1
24,3.0,1,0.0,4.0,0.0,0,1
24,3.0,1,0.0,5.0,0.0,0,1
24,3.0,1,0.0,6.0,0.0,0,1
24,3.0,1,0.0,7.0,0.0,0,1
25,4.0,2,0.0,1.0,1.0,0,1
25,4.0,2,0.0,2.0,0.0,0,1
25,4.0,2,0.0,3.0,1.0,0,1
25,4.0,2,0.0,4.0,0.0,0,1
25,4.0,2,0.0,5.0,1.0,0,1
25,4.0,2,0.0,6.0,0.0,0,1
25,4.0,2,0.0,7.0,0.0,0,1
26,4.0,2,0.0,1.0,1.0,0,1
26,4.0,2,0.0,2.0,1.0,0,1
26,4.0,2,0.0,3.0,1.0,0,1
26,4.0,2,0.0,4.0,0.0,0,1
26,4.0,2,0.0,5.0,0.0,0,1
26,4.0,2,0.0,6.0,0.0,0,1
26,4.0,2,0.0,7.0,0.0,0,1
27,4.0,2,0.0,1.0,1.0,0,1
27,4.0,2,0.0,2.0,1.0,0,1
27,4.0,2,0.0,3.0,1.0,0,1
27,4.0,2,0.0,4.0,0.0,0,1
27,4.0,2,0.0,5.0,0.0,0,1
27,4.0,2,0.0,6.0,0.0,0,1
27,4.0,2,0.0,7.0,0.0,0,1
28,4.0,2,0.0,1.0,1.0,0,1
28,4.0,2,0.0,2.0,0.0,0,1
28,4.0,2,0.0,3.0,0.0,0,1
28,4.0,2,0.0,4.0,1.0,0,1
28,4.0,2,0.0,5.0,0.0,0,1
28,4.0,2,0.0,6.0,1.0,0,1
28,4.0,2,0.0,7.0,0.0,0,1
29,4.0,2,0.0,1.0,1.0,0,1
29,4.0,2,0.0,2.0,1.0,0,1
29,4.0,2,0.0,3.0,1.0,0,1
29,4.0,2,0.0,4.0,0.0,0,1
29,4.0,2,0.0,5.0,0.0,0,1
29,4.0,2,0.0,6.0,0.0,0,1
29,4.0,2,0.0,7.0,0.0,0,1
30,4.0,2,0.0,1.0,1.0,0,1
30,4.0,2,0.0,2.0,1.0,0,1
30,4.0,2,0.0,3.0,1.0,0,1
30,4.0,2,0.0,4.0,0.0,0,1
30,4.0,2,0.0,5.0,0.0,0,1
30,4.0,2,0.0,6.0,0.0,0,1
30,4.0,2,0.0,7.0,0.0,0,1
31,4.0,2,0.0,1.0,0.0,0,1
31,4.0,2,0.0,2.0,1.0,0,1
31,4.0,2,0.0,3.0,1.0,0,1
31,4.0,2,0.0,4.0,0.0,0,1
31,4.0,2,0.0,5.0,0.0,0,1
31,4.0,2,0.0,6.0,0.0,0,1
31,4.0,2,0.0,7.0,1.0,0,1
32,4.0,2,0.0,1.0,1.0,0,1
32,4.0,2,0.0,2.0,1.0,0,1
32,4.0,2,0.0,3.0,0.0,0,1
32,4.0,2,0.0,4.0,0.0,0,1
32,4.0,2,0.0,5.0,0.0,0,1
32,4.0,2,0.0,6.0,0.0,0,1
32,4.0,2,0.0,7.0,1.0,0,1
33,5.0,2,0.0,1.0,1.0,0,1
33,5.0,2,0.0,2.0,1.0,0,1
33,5.0,2,0.0,3.0,1.0,0,1
33,5.0,2,0.0,4.0,0.0,0,1
33,5.0,2,0.0,5.0,0.0,0,1
33,5.0,2,0.0,6.0,0.0,0,1
33,5.0,2,0.0,7.0,0.0,0,1
34,5.0,2,0.0,1.0,1.0,0,1
34,5.0,2,0.0,2.0,1.0,0,1
34,5.0,2,0.0,3.0,1.0,0,1
34,5.0,2,0.0,4.0,0.0,0,1
34,5.0,2,0.0,5.0,0.0,0,1
34,5.0,2,0.0,6.0,0.0,0,1
34,5.0,2,0.0,7.0,0.0,0,1
35,5.0,2,0.0,1.0,1.0,0,1
35,5.0,2,0.0,2.0,1.0,0,1
35,5.0,2,0.0,3.0,1.0,0,1
35,5.0,2,0.0,4.0,0.0,0,1
35,5.0,2,0.0,5.0,0.0,0,1
35,5.0,2,0.0,6.0,0.0,0,1
35,5.0,2,0.0,7.0,0.0,0,1
36,5.0,2,0.0,1.0,1.0,0,1
36,5.0,2,0.0,2.0,1.0,0,1
36,5.0,2,0.0,3.0,1.0,0,1
36,5.0,2,0.0,4.0,0.0,0,1
36,5.0,2,0.0,5.0,0.0,0,1
36,5.0,2,0.0,6.0,0.0,0,1
36,5.0,2,0.0,7.0,0.0,0,1
37,5.0,2,0.0,1.0,1.0,0,1
37,5.0,2,0.0,2.0,1.0,0,1
37,5.0,2,0.0,3.0,1.0,0,1
37,5.0,2,0.0,4.0,0.0,0,1
37,5.0,2,0.0,5.0,0.0,0,1
37,5.0,2,0.0,6.0,0.0,0,1
37,5.0,2,0.0,7.0,0.0,0,1
38,5.0,2,0.0,1.0,1.0,0,1
38,5.0,2,0.0,2.0,1.0,0,1
38,5.0,2,0.0,3.0,1.0,0,1
38,5.0,2,0.0,4.0,0.0,0,1
38,5.0,2,0.0,5.0,0.0,0,1
38,5.0,2,0.0,6.0,0.0,0,1
38,5.0,2,0.0,7.0,0.0,0,1
39,5.0,2,0.0,1.0,1.0,0,1
39,5.0,2,0.0,2.0,1.0,0,1
39,5.0,2,0.0,3.0,1.0,0,1
39,5.0,2,0.0,4.0,0.0,0,1
39,5.0,2,0.0,5.0,0.0,0,1
39,5.0,2,0.0,6.0,0.0,0,1
39,5.0,2,0.0,7.0,0.0,0,1
40,5.0,2,0.0,1.0,1.0,0,1
40,5.0,2,0.0,2.0,0.0,0,1
40,5.0,2,0.0,3.0,1.0,0,1
40,5.0,2,0.0,4.0,1.0,0,1
40,5.0,2,0.0,5.0,0.0,0,1
40,5.0,2,0.0,6.0,0.0,0,1
40,5.0,2,0.0,7.0,0.0,0,1
41,6.0,2,0.0,1.0,1.0,0,1
41,6.0,2,0.0,2.0,1.0,0,1
41,6.0,2,0.0,3.0,1.0,0,1
41,6.0,2,0.0,4.0,0.0,0,1
41,6.0,2,0.0,5.0,0.0,0,1
41,6.0,2,0.0,6.0,0.0,0,1
41,6.0,2,0.0,7.0,0.0,0,1
42,6.0,2,0.0,1.0,1.0,0,1
42,6.0,2,0.0,2.0,1.0,0,1
42,6.0,2,0.0,3.0,1.0,0,1
42,6.0,2,0.0,4.0,0.0,0,1
42,6.0,2,0.0,5.0,0.0,0,1
42,6.0,2,0.0,6.0,0.0,0,1
42,6.0,2,0.0,7.0,0.0,0,1
43,6.0,2,0.0,1.0,1.0,0,1
43,6.0,2,0.0,2.0,1.0,0,1
43,6.0,2,0.0,3.0,1.0,0,1
43,6.0,2,0.0,4.0,0.0,0,1
43,6.0,2,0.0,5.0,0.0,0,1
43,6.0,2,0.0,6.0,0.0,0,1
43,6.0,2,0.0,7.0,0.0,0,1
44,6.0,2,0.0,1.0,1.0,0,1
44,6.0,2,0.0,2.0,1.0,0,1
44,6.0,2,0.0,3.0,1.0,0,1
44,6.0,2,0.0,4.0,0.0,0,1
44,6.0,2,0.0,5.0,0.0,0,1
44,6.0,2,0.0,6.0,0.0,0,1
44,6.0,2,0.0,7.0,0.0,0,1
45,6.0,2,0.0,1.0,1.0,0,1
45,6.0,2,0.0,2.0,1.0,0,1
45,6.0,2,0.0,3.0,0.0,0,1
45,6.0,2,0.0,4.0,0.0,0,1
45,6.0,2,0.0,5.0,0.0,0,1
45,6.0,2,0.0,6.0,1.0,0,1
45,6.0,2,0.0,7.0,0.0,0,1
46,6.0,2,0.0,1.0,1.0,0,1
46,6.0,2,0.0,2.0,1.0,0,1
46,6.0,2,0.0,3.0,1.0,0,1
46,6.0,2,0.0,4.0,0.0,0,1
46,6.0,2,0.0,5.0,0.0,0,1
46,6.0,2,0.0,6.0,0.0,0,1
46,6.0,2,0.0,7.0,0.0,0,1
47,6.0,2,0.0,1.0,1.0,0,1
47,6.0,2,0.0,2.0,1.0,0,1
47,6.0,2,0.0,3.0,0.0,0,1
47,6.0,2,0.0,4.0,0.0,0,1
47,6.0,2,0.0,5.0,0.0,0,1
47,6.0,2,0.0,6.0,0.0,0,1
47,6.0,2,0.0,7.0,1.0,0,1
48,6.0,2,0.0,1.0,1.0,0,1
48,6.0,2,0.0,2.0,0.0,0,1
48,6.0,2,0.0,3.0,1.0,0,1
48,6.0,2,0.0,4.0,0.0,0,1
48,6.0,2,0.0,5.0,1.0,0,1
48,6.0,2,0.0,6.0,0.0,0,1
48,6.0,2,0.0,7.0,0.0,0,1
97,13.0,5,0.0,1.0,1.0,1,0
97,13.0,5,0.0,2.0,0.0,1,0
97,13.0,5,0.0,3.0,0.0,1,0
97,13.0,5,1.0,4.0,1.0,1,0
97,13.0,5,1.0,5.0,1.0,1,0
97,13.0,5,1.0,6.0,0.0,1,0
97,13.0,5,1.0,7.0,0.0,1,0
98,13.0,5,0.0,1.0,1.0,1,0
98,13.0,5,0.0,2.0,0.0,1,0
98,13.0,5,0.0,3.0,0.0,1,0
98,13.0,5,1.0,4.0,1.0,1,0
98,13.0,5,1.0,5.0,1.0,1,0
98,13.0,5,1.0,6.0,0.0,1,0
98,13.0,5,1.0,7.0,0.0,1,0
99,13.0,5,0.0,1.0,0.0,1,0
99,13.0,5,0.0,2.0,1.0,1,0
99,13.0,5,1.0,3.0,0.0,1,0
99,13.0,5,0.0,4.0,0.0,1,0
99,13.0,5,0.0,5.0,1.0,1,0
99,13.0,5,1.0,6.0,0.0,1,0
99,13.0,5,1.0,7.0,1.0,1,0
100,13.0,5,1.0,1.0,1.0,1,0
100,13.0,5,1.0,2.0,0.0,1,0
100,13.0,5,1.0,3.0,0.0,1,0
100,13.0,5,0.0,4.0,1.0,1,0
100,13.0,5,0.0,5.0,1.0,1,0
100,13.0,5,0.0,6.0,0.0,1,0
100,13.0,5,0.0,7.0,0.0,1,0
101,13.0,5,1.0,1.0,0.0,1,0
101,13.0,5,1.0,2.0,0.0,1,0
101,13.0,5,1.0,3.0,1.0,1,0
101,13.0,5,0.0,4.0,0.0,1,0
101,13.0,5,0.0,5.0,1.0,1,0
101,13.0,5,0.0,6.0,0.0,1,0
101,13.0,5,0.0,7.0,1.0,1,0
102,13.0,5,1.0,1.0,1.0,1,0
102,13.0,5,0.0,2.0,1.0,1,0
102,13.0,5,0.0,3.0,1.0,1,0
102,13.0,5,1.0,4.0,0.0,1,0
102,13.0,5,1.0,5.0,0.0,1,0
102,13.0,5,0.0,6.0,0.0,1,0
102,13.0,5,0.0,7.0,0.0,1,0
103,13.0,5,0.0,1.0,1.0,1,0
103,13.0,5,1.0,2.0,1.0,1,0
103,13.0,5,1.0,3.0,1.0,1,0
103,13.0,5,0.0,4.0,0.0,1,0
103,13.0,5,0.0,5.0,0.0,1,0
103,13.0,5,1.0,6.0,0.0,1,0
103,13.0,5,1.0,7.0,0.0,1,0
104,13.0,5,1.0,1.0,1.0,1,0
104,13.0,5,1.0,2.0,1.0,1,0
104,13.0,5,0.0,3.0,1.0,1,0
104,13.0,5,0.0,4.0,0.0,1,0
104,13.0,5,1.0,5.0,0.0,1,0
104,13.0,5,1.0,6.0,0.0,1,0
104,13.0,5,0.0,7.0,0.0,1,0
105,14.0,5,1.0,1.0,1.0,1,0
105,14.0,5,1.0,2.0,0.0,1,0
105,14.0,5,1.0,3.0,0.0,1,0
105,14.0,5,0.0,4.0,1.0,1,0
105,14.0,5,0.0,5.0,1.0,1,0
105,14.0,5,0.0,6.0,0.0,1,0
105,14.0,5,0.0,7.0,0.0,1,0
106,14.0,5,0.0,1.0,1.0,1,0
106,14.0,5,0.0,2.0,1.0,1,0
106,14.0,5,0.0,3.0,0.0,1,0
106,14.0,5,0.0,4.0,0.0,1,0
106,14.0,5,1.0,5.0,1.0,1,0
106,14.0,5,1.0,6.0,0.0,1,0
106,14.0,5,1.0,7.0,0.0,1,0
107,14.0,5,0.0,1.0,1.0,1,0
107,14.0,5,1.0,2.0,1.0,1,0
107,14.0,5,0.0,3.0,0.0,1,0
107,14.0,5,0.0,4.0,0.0,1,0
107,14.0,5,1.0,5.0,0.0,1,0
107,14.0,5,1.0,6.0,0.0,1,0
107,14.0,5,1.0,7.0,1.0,1,0
108,14.0,5,1.0,1.0,1.0,1,0
108,14.0,5,1.0,2.0,0.0,1,0
108,14.0,5,1.0,3.0,1.0,1,0
108,14.0,5,1.0,4.0,0.0,1,0
108,14.0,5,0.0,5.0,0.0,1,0
108,14.0,5,0.0,6.0,1.0,1,0
108,14.0,5,0.0,7.0,0.0,1,0
109,14.0,5,0.0,1.0,1.0,1,0
109,14.0,5,0.0,2.0,1.0,1,0
109,14.0,5,0.0,3.0,0.0,1,0
109,14.0,5,0.0,4.0,0.0,1,0
109,14.0,5,1.0,5.0,1.0,1,0
109,14.0,5,1.0,6.0,0.0,1,0
109,14.0,5,1.0,7.0,0.0,1,0
110,14.0,5,0.0,1.0,1.0,1,0
110,14.0,5,0.0,2.0,0.0,1,0
110,14.0,5,0.0,3.0,0.0,1,0
110,14.0,5,1.0,4.0,1.0,1,0
110,14.0,5,1.0,5.0,0.0,1,0
110,14.0,5,1.0,6.0,1.0,1,0
110,14.0,5,1.0,7.0,0.0,1,0
111,14.0,5,1.0,1.0,1.0,1,0
111,14.0,5,1.0,2.0,0.0,1,0
111,14.0,5,1.0,3.0,1.0,1,0
111,14.0,5,1.0,4.0,0.0,1,0
111,14.0,5,0.0,5.0,1.0,1,0
111,14.0,5,0.0,6.0,0.0,1,0
111,14.0,5,0.0,7.0,0.0,1,0
112,14.0,5,1.0,1.0,1.0,1,0
112,14.0,5,1.0,2.0,0.0,1,0
112,14.0,5,0.0,3.0,1.0,1,0
112,14.0,5,1.0,4.0,0.0,1,0
112,14.0,5,0.0,5.0,1.0,1,0
112,14.0,5,0.0,6.0,0.0,1,0
112,14.0,5,0.0,7.0,0.0,1,0
113,15.0,5,0.0,1.0,1.0,1,0
113,15.0,5,0.0,2.0,0.0,1,0
113,15.0,5,0.0,3.0,0.0,1,0
113,15.0,5,1.0,4.0,1.0,1,0
113,15.0,5,1.0,5.0,1.0,1,0
113,15.0,5,1.0,6.0,0.0,1,0
113,15.0,5,1.0,7.0,0.0,1,0
114,15.0,5,1.0,1.0,1.0,1,0
114,15.0,5,0.0,2.0,1.0,1,0
114,15.0,5,0.0,3.0,1.0,1,0
114,15.0,5,1.0,4.0,0.0,1,0
114,15.0,5,1.0,5.0,0.0,1,0
114,15.0,5,0.0,6.0,0.0,1,0
114,15.0,5,0.0,7.0,0.0,1,0
115,15.0,5,1.0,1.0,1.0,1,0
115,15.0,5,1.0,2.0,0.0,1,0
115,15.0,5,1.0,3.0,0.0,1,0
115,15.0,5,0.0,4.0,0.0,1,0
115,15.0,5,0.0,5.0,1.0,1,0
115,15.0,5,0.0,6.0,1.0,1,0
115,15.0,5,0.0,7.0,0.0,1,0
116,15.0,5,0.0,1.0,1.0,1,0
116,15.0,5,0.0,2.0,0.0,1,0
116,15.0,5,0.0,3.0,0.0,1,0
116,15.0,5,1.0,4.0,1.0,1,0
116,15.0,5,1.0,5.0,1.0,1,0
116,15.0,5,1.0,6.0,0.0,1,0
116,15.0,5,1.0,7.0,0.0,1,0
117,15.0,5,0.0,1.0,1.0,1,0
117,15.0,5,0.0,2.0,1.0,1,0
117,15.0,5,1.0,3.0,1.0,1,0
117,15.0,5,0.0,4.0,0.0,1,0
117,15.0,5,0.0,5.0,0.0,1,0
117,15.0,5,1.0,6.0,0.0,1,0
117,15.0,5,1.0,7.0,0.0,1,0
118,15.0,5,1.0,1.0,0.0,1,0
118,15.0,5,1.0,2.0,0.0,1,0
118,15.0,5,1.0,3.0,1.0,1,0
118,15.0,5,0.0,4.0,0.0,1,0
118,15.0,5,0.0,5.0,0.0,1,0
118,15.0,5,1.0,6.0,1.0,1,0
118,15.0,5,0.0,7.0,1.0,1,0
119,15.0,5,0.0,1.0,1.0,1,0
119,15.0,5,0.0,2.0,1.0,1,0
119,15.0,5,0.0,3.0,0.0,1,0
119,15.0,5,0.0,4.0,0.0,1,0
119,15.0,5,1.0,5.0,1.0,1,0
119,15.0,5,1.0,6.0,0.0,1,0
119,15.0,5,1.0,7.0,0.0,1,0
120,15.0,5,0.0,1.0,1.0,1,0
120,15.0,5,1.0,2.0,1.0,1,0
120,15.0,5,1.0,3.0,1.0,1,0
120,15.0,5,1.0,4.0,0.0,1,0
120,15.0,5,1.0,5.0,0.0,1,0
120,15.0,5,0.0,6.0,0.0,1,0
120,15.0,5,0.0,7.0,0.0,1,0
121,16.0,6,1.0,1.0,1.0,1,0
121,16.0,6,1.0,2.0,1.0,1,0
121,16.0,6,0.0,3.0,1.0,1,0
121,16.0,6,0.0,4.0,0.0,1,0
121,16.0,6,1.0,5.0,0.0,1,0
121,16.0,6,1.0,6.0,0.0,1,0
121,16.0,6,0.0,7.0,0.0,1,0
122,16.0,6,0.0,1.0,1.0,1,0
122,16.0,6,0.0,2.0,1.0,1,0
122,16.0,6,1.0,3.0,1.0,1,0
122,16.0,6,0.0,4.0,0.0,1,0
122,16.0,6,0.0,5.0,0.0,1,0
122,16.0,6,1.0,6.0,0.0,1,0
122,16.0,6,1.0,7.0,0.0,1,0
123,16.0,6,1.0,1.0,1.0,1,0
123,16.0,6,1.0,2.0,1.0,1,0
123,16.0,6,1.0,3.0,0.0,1,0
123,16.0,6,1.0,4.0,0.0,1,0
123,16.0,6,0.0,5.0,0.0,1,0
123,16.0,6,0.0,6.0,0.0,1,0
123,16.0,6,0.0,7.0,1.0,1,0
124,16.0,6,0.0,1.0,1.0,1,0
124,16.0,6,1.0,2.0,1.0,1,0
124,16.0,6,0.0,3.0,1.0,1,0
124,16.0,6,1.0,4.0,0.0,1,0
124,16.0,6,0.0,5.0,0.0,1,0
124,16.0,6,0.0,6.0,0.0,1,0
124,16.0,6,1.0,7.0,0.0,1,0
125,16.0,6,1.0,1.0,1.0,1,0
125,16.0,6,1.0,2.0,0.0,1,0
125,16.0,6,1.0,3.0,0.0,1,0
125,16.0,6,0.0,4.0,1.0,1,0
125,16.0,6,0.0,5.0,1.0,1,0
125,16.0,6,0.0,6.0,0.0,1,0
125,16.0,6,0.0,7.0,0.0,1,0
126,16.0,6,1.0,1.0,1.0,1,0
126,16.0,6,1.0,2.0,1.0,1,0
126,16.0,6,1.0,3.0,0.0,1,0
126,16.0,6,1.0,4.0,0.0,1,0
126,16.0,6,0.0,5.0,0.0,1,0
126,16.0,6,0.0,6.0,0.0,1,0
126,16.0,6,0.0,7.0,1.0,1,0
127,16.0,6,0.0,1.0,1.0,1,0
127,16.0,6,0.0,2.0,1.0,1,0
127,16.0,6,1.0,3.0,1.0,1,0
127,16.0,6,0.0,4.0,0.0,1,0
127,16.0,6,0.0,5.0,0.0,1,0
127,16.0,6,1.0,6.0,0.0,1,0
127,16.0,6,1.0,7.0,0.0,1,0
128,16.0,6,1.0,1.0,1.0,1,0
128,16.0,6,1.0,2.0,1.0,1,0
128,16.0,6,0.0,3.0,1.0,1,0
128,16.0,6,1.0,4.0,0.0,1,0
128,16.0,6,1.0,5.0,0.0,1,0
128,16.0,6,0.0,6.0,0.0,1,0
128,16.0,6,0.0,7.0,0.0,1,0
129,17.0,6,0.0,1.0,1.0,1,0
129,17.0,6,0.0,2.0,1.0,1,0
129,17.0,6,0.0,3.0,0.0,1,0
129,17.0,6,0.0,4.0,0.0,1,0
129,17.0,6,1.0,5.0,1.0,1,0
129,17.0,6,1.0,6.0,0.0,1,0
129,17.0,6,1.0,7.0,0.0,1,0
130,17.0,6,1.0,1.0,1.0,1,0
130,17.0,6,1.0,2.0,1.0,1,0
130,17.0,6,1.0,3.0,0.0,1,0
130,17.0,6,1.0,4.0,0.0,1,0
130,17.0,6,0.0,5.0,1.0,1,0
130,17.0,6,0.0,6.0,0.0,1,0
130,17.0,6,0.0,7.0,0.0,1,0
131,17.0,6,0.0,1.0,1.0,1,0
131,17.0,6,0.0,2.0,0.0,1,0
131,17.0,6,1.0,3.0,1.0,1,0
131,17.0,6,0.0,4.0,0.0,1,0
131,17.0,6,1.0,5.0,1.0,1,0
131,17.0,6,1.0,6.0,0.0,1,0
131,17.0,6,1.0,7.0,0.0,1,0
132,17.0,6,0.0,1.0,1.0,1,0
132,17.0,6,0.0,2.0,1.0,1,0
132,17.0,6,1.0,3.0,1.0,1,0
132,17.0,6,0.0,4.0,0.0,1,0
132,17.0,6,0.0,5.0,0.0,1,0
132,17.0,6,1.0,6.0,0.0,1,0
132,17.0,6,1.0,7.0,0.0,1,0
133,17.0,6,1.0,1.0,1.0,1,0
133,17.0,6,0.0,2.0,1.0,1,0
133,17.0,6,0.0,3.0,1.0,1,0
133,17.0,6,1.0,4.0,0.0,1,0
133,17.0,6,0.0,5.0,0.0,1,0
133,17.0,6,1.0,6.0,0.0,1,0
133,17.0,6,0.0,7.0,0.0,1,0
134,17.0,6,0.0,1.0,1.0,1,0
134,17.0,6,0.0,2.0,0.0,1,0
134,17.0,6,1.0,3.0,1.0,1,0
134,17.0,6,0.0,4.0,0.0,1,0
134,17.0,6,1.0,5.0,1.0,1,0
134,17.0,6,1.0,6.0,0.0,1,0
134,17.0,6,1.0,7.0,0.0,1,0
135,17.0,6,0.0,1.0,1.0,1,0
135,17.0,6,0.0,2.0,0.0,1,0
135,17.0,6,0.0,3.0,0.0,1,0
135,17.0,6,1.0,4.0,1.0,1,0
135,17.0,6,1.0,5.0,1.0,1,0
135,17.0,6,1.0,6.0,0.0,1,0
135,17.0,6,1.0,7.0,0.0,1,0
136,17.0,6,1.0,1.0,1.0,1,0
136,17.0,6,1.0,2.0,0.0,1,0
136,17.0,6,1.0,3.0,0.0,1,0
136,17.0,6,0.0,4.0,1.0,1,0
136,17.0,6,0.0,5.0,0.0,1,0
136,17.0,6,0.0,6.0,0.0,1,0
136,17.0,6,0.0,7.0,1.0,1,0
137,18.0,6,0.0,1.0,0.0,1,0
137,18.0,6,0.0,2.0,0.0,1,0
137,18.0,6,1.0,3.0,0.0,1,0
137,18.0,6,1.0,4.0,0.0,1,0
137,18.0,6,0.0,5.0,1.0,1,0
137,18.0,6,1.0,6.0,1.0,1,0
137,18.0,6,1.0,7.0,1.0,1,0
138,18.0,6,1.0,1.0,1.0,1,0
138,18.0,6,0.0,2.0,1.0,1,0
138,18.0,6,0.0,3.0,0.0,1,0
138,18.0,6,0.0,4.0,1.0,1,0
138,18.0,6,0.0,5.0,0.0,1,0
138,18.0,6,1.0,6.0,0.0,1,0
138,18.0,6,1.0,7.0,0.0,1,0
139,18.0,6,0.0,1.0,1.0,1,0
139,18.0,6,0.0,2.0,0.0,1,0
139,18.0,6,0.0,3.0,0.0,1,0
139,18.0,6,1.0,4.0,1.0,1,0
139,18.0,6,1.0,5.0,1.0,1,0
139,18.0,6,1.0,6.0,0.0,1,0
139,18.0,6,1.0,7.0,0.0,1,0
140,18.0,6,0.0,1.0,1.0,1,0
140,18.0,6,0.0,2.0,1.0,1,0
140,18.0,6,0.0,3.0,0.0,1,0
140,18.0,6,0.0,4.0,0.0,1,0
140,18.0,6,1.0,5.0,1.0,1,0
140,18.0,6,1.0,6.0,0.0,1,0
140,18.0,6,1.0,7.0,0.0,1,0
141,18.0,6,0.0,1.0,1.0,1,0
141,18.0,6,0.0,2.0,1.0,1,0
141,18.0,6,0.0,3.0,0.0,1,0
141,18.0,6,0.0,4.0,0.0,1,0
141,18.0,6,1.0,5.0,1.0,1,0
141,18.0,6,1.0,6.0,0.0,1,0
141,18.0,6,1.0,7.0,0.0,1,0
142,18.0,6,0.0,1.0,1.0,1,0
142,18.0,6,0.0,2.0,1.0,1,0
142,18.0,6,0.0,3.0,0.0,1,0
142,18.0,6,0.0,4.0,0.0,1,0
142,18.0,6,1.0,5.0,1.0,1,0
142,18.0,6,1.0,6.0,0.0,1,0
142,18.0,6,1.0,7.0,0.0,1,0
143,18.0,6,0.0,1.0,1.0,1,0
143,18.0,6,0.0,2.0,0.0,1,0
143,18.0,6,0.0,3.0,0.0,1,0
143,18.0,6,1.0,4.0,1.0,1,0
143,18.0,6,1.0,5.0,1.0,1,0
143,18.0,6,1.0,6.0,0.0,1,0
143,18.0,6,1.0,7.0,0.0,1,0
144,18.0,6,1.0,1.0,1.0,1,0
144,18.0,6,1.0,2.0,1.0,1,0
144,18.0,6,0.0,3.0,1.0,1,0
144,18.0,6,1.0,4.0,0.0,1,0
144,18.0,6,1.0,5.0,0.0,1,0
144,18.0,6,0.0,6.0,0.0,1,0
144,18.0,6,0.0,7.0,0.0,1,0
