;"Player";"Investment";"Pot";"Return";"Endowment_Inferred";"Subject";"Delta",
41;116;5;20;12;5;"RAS_001";0,63
42;120;2;8;4;5;"RAS_001";0,63
43;60;10;40;21;20;"RAS_001";0,63
44;75;8;32;13;50;"RAS_001";0,63
45;114;10;40;18;50;"RAS_001";0,63
46;105;10;40;21;20;"RAS_001";0,63
47;46;10;40;19;50;"RAS_001";0,63
48;117;2;8;4;5;"RAS_001";0,63
49;72;10;40;22;20;"RAS_001";0,63
50;69;7;28;15;20;"RAS_001";0,63
51;55;8;32;17;20;"RAS_001";0,63
52;71;2;8;4;5;"RAS_001";0,63
53;70;7;28;14;20;"RAS_001";0,63
54;113;7;28;13;20;"RAS_001";0,63
55;111;9;36;15;50;"RAS_001";0,63
56;112;10;40;20;50;"RAS_001";0,63
57;67;4;16;9;10;"RAS_001";0,63
58;90;2;8;5;2;"RAS_001";0,63
59;115;8;32;15;50;"RAS_001";0,63
60;107;8;32;17;20;"RAS_001";0,63
61;65;2;8;4;5;"RAS_001";0,63
62;76;4;16;10;5;"RAS_001";0,63
63;41;4;16;9;10;"RAS_001";0,63
64;100;8;32;16;20;"RAS_001";0,63
65;99;5;20;10;20;"RAS_001";0,63
66;80;2;8;5;2;"RAS_001";0,63
67;110;7;28;13;20;"RAS_001";0,63
68;54;7;28;15;20;"RAS_001";0,63
69;66;2;8;4;5;"RAS_001";0,63
70;84;2;8;4;5;"RAS_001";0,63
71;82;9;36;20;20;"RAS_001";0,63
72;79;9;36;18;20;"RAS_001";0,63
73;42;2;8;7;10;"RAS_001";0,63
74;109;2;8;4;5;"RAS_001";0,63
75;64;5;20;12;5;"RAS_001";0,63
76;74;9;36;20;20;"RAS_001";0,63
77;103;8;32;17;20;"RAS_001";0,63
78;44;4;16;9;10;"RAS_001";0,63
79;43;8;32;26;50;"RAS_001";0,63
80;51;10;40;18;50;"RAS_001";0,63
81;63;2;8;5;2;"RAS_001";0,63
82;95;8;32;14;50;"RAS_001";0,63
83;52;5;20;12;5;"RAS_001";0,63
84;97;10;40;21;20;"RAS_001";0,63
85;56;9;36;19;20;"RAS_001";0,63
86;108;2;8;5;2;"RAS_001";0,63
87;96;5;20;10;20;"RAS_001";0,63
88;98;2;8;4;5;"RAS_001";0,63
89;59;9;36;21;20;"RAS_001";0,63
90;119;4;16;7;20;"RAS_001";0,63
91;94;4;16;9;10;"RAS_001";0,63
92;58;2;8;4;5;"RAS_001";0,63
93;53;5;20;12;5;"RAS_001";0,63
94;93;9;36;15;50;"RAS_001";0,63
95;102;2;8;5;2;"RAS_001";0,63
96;61;8;32;17;20;"RAS_001";0,63
97;62;8;32;16;20;"RAS_001";0,63
98;89;7;28;15;20;"RAS_001";0,63
99;77;10;40;14;50;"RAS_001";0,63
100;47;10;40;23;20;"RAS_001";0,63
101;118;2;8;5;2;"RAS_001";0,63
102;57;4;16;8;10;"RAS_001";0,63
103;78;7;28;15;20;"RAS_001";0,63
104;49;4;16;9;10;"RAS_001";0,63
105;92;2;8;5;2;"RAS_001";0,63
106;101;7;28;12;50;"RAS_001";0,63
107;106;2;8;4;5;"RAS_001";0,63
108;48;9;36;20;20;"RAS_001";0,63
109;45;5;20;10;20;"RAS_001";0,63
110;91;2;8;4;5;"RAS_001";0,63
111;87;9;36;18;20;"RAS_001";0,63
112;83;5;20;12;5;"RAS_001";0,63
113;73;7;28;14;20;"RAS_001";0,63
114;88;5;20;12;5;"RAS_001";0,63
115;104;7;28;5;50;"RAS_001";0,63
116;68;4;16;10;5;"RAS_001";0,63
117;85;9;36;19;20;"RAS_001";0,63
118;50;5;20;12;5;"RAS_001";0,63
119;81;4;16;9;10;"RAS_001";0,63
120;86;2;8;6;10;"RAS_001";0,63
411;72;10;40;10;20;"RAS_002";0,35
421;116;5;20;6;5;"RAS_002";0,35
431;58;2;8;2;5;"RAS_002";0,35
441;110;7;28;7;10;"RAS_002";0,35
451;100;8;32;11;10;"RAS_002";0,35
461;113;7;28;10;10;"RAS_002";0,35
471;64;5;20;5;10;"RAS_002";0,35
481;106;2;8;1;5;"RAS_002";0,35
491;68;4;16;6;5;"RAS_002";0,35
501;45;5;20;5;10;"RAS_002";0,35
511;111;9;36;9;20;"RAS_002";0,35
521;44;4;16;5;5;"RAS_002";0,35
531;105;10;40;12;10;"RAS_002";0,35
541;47;10;40;13;10;"RAS_002";0,35
551;62;8;32;8;10;"RAS_002";0,35
561;49;4;16;5;5;"RAS_002";0,35
571;65;2;8;3;2;"RAS_002";0,35
581;99;5;20;6;5;"RAS_002";0,35
591;97;10;40;15;10;"RAS_002";0,35
601;88;5;20;7;5;"RAS_002";0,35
611;79;9;36;9;20;"RAS_002";0,35
621;60;10;40;10;20;"RAS_002";0,35
631;101;7;28;9;10;"RAS_002";0,35
641;94;4;16;6;5;"RAS_002";0,35
651;48;9;36;10;10;"RAS_002";0,35
661;112;10;40;13;10;"RAS_002";0,35
671;42;2;8;2;5;"RAS_002";0,35
681;109;2;8;2;5;"RAS_002";0,35
691;59;9;36;10;10;"RAS_002";0,35
701;78;7;28;10;10;"RAS_002";0,35
711;52;5;20;10;5;"RAS_002";0,35
721;43;8;32;10;10;"RAS_002";0,35
731;91;2;8;2;5;"RAS_002";0,35
741;73;7;28;10;10;"RAS_002";0,35
751;66;2;8;1;5;"RAS_002";0,35
761;56;9;36;8;20;"RAS_002";0,35
771;103;8;32;10;10;"RAS_002";0,35
781;77;10;40;12;10;"RAS_002";0,35
791;63;2;8;1;5;"RAS_002";0,35
801;41;4;16;5;5;"RAS_002";0,35
811;114;10;40;12;10;"RAS_002";0,35
821;93;9;36;10;10;"RAS_002";0,35
831;69;7;28;8;10;"RAS_002";0,35
841;95;8;32;10;10;"RAS_002";0,35
851;96;5;20;6;5;"RAS_002";0,35
861;118;2;8;2;5;"RAS_002";0,35
871;70;7;28;9;10;"RAS_002";0,35
881;102;2;8;2;5;"RAS_002";0,35
891;104;7;28;8;10;"RAS_002";0,35
901;53;5;20;4;10;"RAS_002";0,35
911;80;2;8;2;5;"RAS_002";0,35
921;86;2;8;1;5;"RAS_002";0,35
931;92;2;8;2;5;"RAS_002";0,35
941;71;2;8;2;5;"RAS_002";0,35
951;98;2;8;1;5;"RAS_002";0,35
961;61;8;32;7;20;"RAS_002";0,35
971;87;9;36;10;10;"RAS_002";0,35
981;115;8;32;8;10;"RAS_002";0,35
991;120;2;8;3;2;"RAS_002";0,35
1001;76;4;16;6;5;"RAS_002";0,35
1011;46;10;40;8;20;"RAS_002";0,35
1021;55;8;32;10;10;"RAS_002";0,35
1031;54;7;28;9;10;"RAS_002";0,35
1041;117;2;8;2;5;"RAS_002";0,35
1051;75;8;32;7;20;"RAS_002";0,35
1061;51;10;40;16;10;"RAS_002";0,35
1071;107;8;32;8;10;"RAS_002";0,35
1081;83;5;20;5;10;"RAS_002";0,35
1091;119;4;16;4;5;"RAS_002";0,35
1101;57;4;16;5;5;"RAS_002";0,35
1111;67;4;16;5;5;"RAS_002";0,35
1121;85;9;36;12;10;"RAS_002";0,35
1131;74;9;36;9;20;"RAS_002";0,35
1141;90;2;8;2;5;"RAS_002";0,35
1151;50;5;20;7;5;"RAS_002";0,35
1161;89;7;28;9;10;"RAS_002";0,35
1171;81;4;16;5;5;"RAS_002";0,35
1181;82;9;36;6;20;"RAS_002";0,35
1191;84;2;8;2;5;"RAS_002";0,35
1201;108;2;8;2;5;"RAS_002";0,35
412;78;7;28;6;10;"RAS_003";0,
422;98;2;8;2;2;"RAS_003";0,
432;89;7;28;4;10;"RAS_003";0,
442;120;2;8;4;10;"RAS_003";0,
452;95;8;32;6;10;"RAS_003";0,
462;58;2;8;4;10;"RAS_003";0,
472;114;10;40;10;20;"RAS_003";0,
482;42;2;8;4;10;"RAS_003";0,
492;93;9;36;6;10;"RAS_003";0,
502;108;2;8;4;10;"RAS_003";0,
512;47;10;40;10;20;"RAS_003";0,
522;73;7;28;3;10;"RAS_003";0,
532;86;2;8;4;10;"RAS_003";0,
542;61;8;32;7;10;"RAS_003";0,
552;87;9;36;6;10;"RAS_003";0,
562;109;2;8;4;10;"RAS_003";0,
572;118;2;8;4;10;"RAS_003";0,
582;69;7;28;3;10;"RAS_003";0,
592;97;10;40;10;50;"RAS_003";0,
602;100;8;32;2;10;"RAS_003";0,
612;115;8;32;2;10;"RAS_003";0,
622;79;9;36;6;10;"RAS_003";0,
632;48;9;36;6;10;"RAS_003";0,
642;76;4;16;6;20;"RAS_003";0,
652;53;5;20;4;5;"RAS_003";0,
662;65;2;8;4;10;"RAS_003";0,
672;74;9;36;6;10;"RAS_003";0,
682;49;4;16;6;20;"RAS_003";0,
692;107;8;32;2;10;"RAS_003";0,
702;71;2;8;4;10;"RAS_003";0,
712;55;8;32;7;10;"RAS_003";0,
722;46;10;40;5;10;"RAS_003";0,
732;104;7;28;3;10;"RAS_003";0,
742;43;8;32;7;10;"RAS_003";0,
752;85;9;36;1;10;"RAS_003";0,
762;106;2;8;4;10;"RAS_003";0,
772;60;10;40;5;10;"RAS_003";0,
782;59;9;36;6;10;"RAS_003";0,
792;44;4;16;6;20;"RAS_003";0,
802;101;7;28;6;10;"RAS_003";0,
812;113;7;28;8;50;"RAS_003";0,
822;63;2;8;2;5;"RAS_003";0,
832;64;5;20;5;20;"RAS_003";0,
842;81;4;16;4;20;"RAS_003";0,
852;66;2;8;2;5;"RAS_003";0,
862;99;5;20;5;20;"RAS_003";0,
872;56;9;36;2;10;"RAS_003";0,
882;82;9;36;1;10;"RAS_003";0,
892;84;2;8;4;10;"RAS_003";0,
902;75;8;32;7;10;"RAS_003";0,
912;72;10;40;5;10;"RAS_003";0,
922;45;5;20;5;20;"RAS_003";0,
932;105;10;40;5;10;"RAS_003";0,
942;70;7;28;7;20;"RAS_003";0,
952;52;5;20;10;20;"RAS_003";0,
962;119;4;16;2;5;"RAS_003";0,
972;102;2;8;2;2;"RAS_003";0,
982;111;9;36;1;10;"RAS_003";0,
992;41;4;16;6;20;"RAS_003";0,
1002;88;5;20;4;5;"RAS_003";0,
1012;91;2;8;2;2;"RAS_003";0,
1022;54;7;28;3;10;"RAS_003";0,
1032;96;5;20;5;20;"RAS_003";0,
1042;110;7;28;3;10;"RAS_003";0,
1052;68;4;16;6;20;"RAS_003";0,
1062;57;4;16;6;20;"RAS_003";0,
1072;67;4;16;6;20;"RAS_003";0,
1082;77;10;40;10;10;"RAS_003";0,
1092;80;2;8;2;2;"RAS_003";0,
1102;94;4;16;4;5;"RAS_003";0,
1112;92;2;8;4;10;"RAS_003";0,
1122;90;2;8;2;5;"RAS_003";0,
1132;50;5;20;4;5;"RAS_003";0,
1142;116;5;20;4;5;"RAS_003";0,
1152;83;5;20;4;5;"RAS_003";0,
1162;117;2;8;2;5;"RAS_003";0,
1172;103;8;32;2;10;"RAS_003";0,
1182;51;10;40;5;10;"RAS_003";0,
1192;62;8;32;2;10;"RAS_003";0,
1202;112;10;40;5;10;"RAS_003";0,
413;56;9;36;15;20;"RAS_004";0,54
423;91;2;8;4;2;"RAS_004";0,54
433;53;5;20;7;20;"RAS_004";0,54
443;78;7;28;15;10;"RAS_004";0,54
453;75;8;32;14;20;"RAS_004";0,54
463;70;7;28;13;10;"RAS_004";0,54
473;69;7;28;12;20;"RAS_004";0,54
483;81;4;16;6;10;"RAS_004";0,54
493;41;4;16;6;10;"RAS_004";0,54
503;110;7;28;11;20;"RAS_004";0,54
513;67;4;16;8;5;"RAS_004";0,54
523;82;9;36;19;10;"RAS_004";0,54
533;90;2;8;3;5;"RAS_004";0,54
543;79;9;36;15;20;"RAS_004";0,54
553;106;2;8;3;5;"RAS_004";0,54
563;86;2;8;4;2;"RAS_004";0,54
573;115;8;32;18;10;"RAS_004";0,54
583;60;10;40;15;50;"RAS_004";0,54
593;87;9;36;17;20;"RAS_004";0,54
603;93;9;36;15;20;"RAS_004";0,54
613;96;5;20;8;10;"RAS_004";0,54
623;85;9;36;16;20;"RAS_004";0,54
633;98;2;8;2;10;"RAS_004";0,54
643;112;10;40;15;50;"RAS_004";0,54
653;61;8;32;14;20;"RAS_004";0,54
663;64;5;20;8;10;"RAS_004";0,54
673;102;2;8;1;10;"RAS_004";0,54
683;50;5;20;7;20;"RAS_004";0,54
693;94;4;16;8;5;"RAS_004";0,54
703;84;2;8;2;10;"RAS_004";0,54
713;88;5;20;6;20;"RAS_004";0,54
723;89;7;28;10;20;"RAS_004";0,54
733;80;2;8;2;10;"RAS_004";0,54
743;45;5;20;6;20;"RAS_004";0,54
753;59;9;36;11;50;"RAS_004";0,54
763;54;7;28;8;50;"RAS_004";0,54
773;72;10;40;12;50;"RAS_004";0,54
783;113;7;28;10;20;"RAS_004";0,54
793;58;2;8;3;5;"RAS_004";0,54
803;104;7;28;10;20;"RAS_004";0,54
813;47;10;40;13;50;"RAS_004";0,54
823;52;5;20;6;20;"RAS_004";0,54
833;65;2;8;3;5;"RAS_004";0,54
843;101;7;28;11;20;"RAS_004";0,54
853;42;2;8;1;10;"RAS_004";0,54
863;116;5;20;7;20;"RAS_004";0,54
873;105;10;40;12;50;"RAS_004";0,54
883;55;8;32;18;10;"RAS_004";0,54
893;97;10;40;8;50;"RAS_004";0,54
903;74;9;36;15;20;"RAS_004";0,54
913;46;10;40;11;50;"RAS_004";0,54
923;99;5;20;6;20;"RAS_004";0,54
933;43;8;32;11;20;"RAS_004";0,54
943;68;4;16;6;10;"RAS_004";0,54
953;51;10;40;19;20;"RAS_004";0,54
963;117;2;8;1;10;"RAS_004";0,54
973;120;2;8;2;10;"RAS_004";0,54
983;95;8;32;10;50;"RAS_004";0,54
993;66;2;8;3;5;"RAS_004";0,54
1003;49;4;16;5;20;"RAS_004";0,54
1013;63;2;8;2;10;"RAS_004";0,54
1023;92;2;8;2;10;"RAS_004";0,54
1033;100;8;32;8;50;"RAS_004";0,54
1043;107;8;32;11;20;"RAS_004";0,54
1053;48;9;36;9;50;"RAS_004";0,54
1063;76;4;16;5;20;"RAS_004";0,54
1073;77;10;40;10;50;"RAS_004";0,54
1083;103;8;32;9;50;"RAS_004";0,54
1093;119;4;16;5;20;"RAS_004";0,54
1103;108;2;8;3;5;"RAS_004";0,54
1113;83;5;20;6;20;"RAS_004";0,54
1123;57;4;16;4;20;"RAS_004";0,54
1133;118;2;8;2;10;"RAS_004";0,54
1143;71;2;8;2;10;"RAS_004";0,54
1153;109;2;8;2;10;"RAS_004";0,54
1163;111;9;36;10;50;"RAS_004";0,54
1173;44;4;16;5;20;"RAS_004";0,54
1183;62;8;32;11;20;"RAS_004";0,54
1193;73;7;28;9;20;"RAS_004";0,54
1203;114;10;40;17;20;"RAS_004";0,54
414;46;10;40;19;50;"RAS_005";0,66
424;100;8;32;16;50;"RAS_005";0,66
434;56;9;36;11;50;"RAS_005";0,66
444;54;7;28;14;20;"RAS_005";0,66
454;83;5;20;10;20;"RAS_005";0,66
464;93;9;36;18;50;"RAS_005";0,66
474;116;5;20;10;20;"RAS_005";0,66
484;106;2;8;4;10;"RAS_005";0,66
494;102;2;8;4;10;"RAS_005";0,66
504;91;2;8;4;10;"RAS_005";0,66
514;57;4;16;0;20;"RAS_005";0,66
524;63;2;8;4;10;"RAS_005";0,66
534;84;2;8;4;10;"RAS_005";0,66
544;107;8;32;16;50;"RAS_005";0,66
554;80;2;8;5;2;"RAS_005";0,66
564;85;9;36;21;20;"RAS_005";0,66
574;73;7;28;14;20;"RAS_005";0,66
584;105;10;40;20;50;"RAS_005";0,66
594;69;7;28;14;20;"RAS_005";0,66
604;65;2;8;4;10;"RAS_005";0,66
614;82;9;36;20;20;"RAS_005";0,66
624;109;2;8;4;10;"RAS_005";0,66
634;111;9;36;20;20;"RAS_005";0,66
644;97;10;40;20;50;"RAS_005";0,66
654;68;4;16;8;20;"RAS_005";0,66
664;49;4;16;8;20;"RAS_005";0,66
674;53;5;20;10;20;"RAS_005";0,66
684;76;4;16;8;20;"RAS_005";0,66
694;59;9;36;20;20;"RAS_005";0,66
704;44;4;16;8;20;"RAS_005";0,66
714;112;10;40;20;50;"RAS_005";0,66
724;110;7;28;14;20;"RAS_005";0,66
734;99;5;20;10;20;"RAS_005";0,66
744;71;2;8;4;10;"RAS_005";0,66
754;89;7;28;14;20;"RAS_005";0,66
764;98;2;8;4;10;"RAS_005";0,66
774;47;10;40;19;50;"RAS_005";0,66
784;61;8;32;11;50;"RAS_005";0,66
794;119;4;16;8;20;"RAS_005";0,66
804;50;5;20;10;20;"RAS_005";0,66
814;52;5;20;10;20;"RAS_005";0,66
824;115;8;32;16;50;"RAS_005";0,66
834;45;5;20;10;20;"RAS_005";0,66
844;118;2;8;4;10;"RAS_005";0,66
854;117;2;8;4;10;"RAS_005";0,66
864;41;4;16;8;20;"RAS_005";0,66
874;62;8;32;16;50;"RAS_005";0,66
884;48;9;36;20;20;"RAS_005";0,66
894;114;10;40;20;50;"RAS_005";0,66
904;87;9;36;20;20;"RAS_005";0,66
914;103;8;32;16;50;"RAS_005";0,66
924;90;2;8;4;10;"RAS_005";0,66
934;86;2;8;4;10;"RAS_005";0,66
944;64;5;20;10;20;"RAS_005";0,66
954;81;4;16;8;20;"RAS_005";0,66
964;77;10;40;20;50;"RAS_005";0,66
974;42;2;8;4;10;"RAS_005";0,66
984;75;8;32;16;50;"RAS_005";0,66
994;72;10;40;20;50;"RAS_005";0,66
1004;51;10;40;20;50;"RAS_005";0,66
1014;101;7;28;0;50;"RAS_005";0,66
1024;66;2;8;4;10;"RAS_005";0,66
1034;67;4;16;8;20;"RAS_005";0,66
1044;60;10;40;18;50;"RAS_005";0,66
1054;120;2;8;4;10;"RAS_005";0,66
1064;113;7;28;14;20;"RAS_005";0,66
1074;74;9;36;16;50;"RAS_005";0,66
1084;95;8;32;16;50;"RAS_005";0,66
1094;88;5;20;10;20;"RAS_005";0,66
1104;96;5;20;10;20;"RAS_005";0,66
1114;43;8;32;16;50;"RAS_005";0,66
1124;94;4;16;9;10;"RAS_005";0,66
1134;79;9;36;15;50;"RAS_005";0,66
1144;108;2;8;4;10;"RAS_005";0,66
1154;92;2;8;4;10;"RAS_005";0,66
1164;70;7;28;14;20;"RAS_005";0,66
1174;104;7;28;14;20;"RAS_005";0,66
1184;55;8;32;16;50;"RAS_005";0,66
1194;78;7;28;0;50;"RAS_005";0,66
1204;58;2;8;4;10;"RAS_005";0,66
415;110;7;28;12;20;"RAS_006";0,57
425;82;9;36;18;20;"RAS_006";0,57
435;112;10;40;20;20;"RAS_006";0,57
445;118;2;8;2;10;"RAS_006";0,57
455;84;2;8;4;5;"RAS_006";0,57
465;55;8;32;15;20;"RAS_006";0,57
475;78;7;28;14;10;"RAS_006";0,57
485;90;2;8;4;5;"RAS_006";0,57
495;95;8;32;18;10;"RAS_006";0,57
505;101;7;28;14;10;"RAS_006";0,57
515;104;7;28;15;10;"RAS_006";0,57
525;85;9;36;16;20;"RAS_006";0,57
535;65;2;8;4;5;"RAS_006";0,57
545;103;8;32;10;50;"RAS_006";0,57
555;41;4;16;8;5;"RAS_006";0,57
565;115;8;32;9;50;"RAS_006";0,57
575;49;4;16;5;20;"RAS_006";0,57
585;75;8;32;16;10;"RAS_006";0,57
595;98;2;8;2;10;"RAS_006";0,57
605;57;4;16;8;5;"RAS_006";0,57
615;97;10;40;15;50;"RAS_006";0,57
625;44;4;16;8;5;"RAS_006";0,57
635;46;10;40;20;20;"RAS_006";0,57
645;51;10;40;14;50;"RAS_006";0,57
655;80;2;8;4;5;"RAS_006";0,57
665;52;5;20;10;10;"RAS_006";0,57
675;48;9;36;11;50;"RAS_006";0,57
685;109;2;8;4;5;"RAS_006";0,57
695;96;5;20;10;10;"RAS_006";0,57
705;45;5;20;10;10;"RAS_006";0,57
715;76;4;16;8;5;"RAS_006";0,57
725;43;8;32;16;10;"RAS_006";0,57
735;114;10;40;19;20;"RAS_006";0,57
745;58;2;8;3;10;"RAS_006";0,57
755;111;9;36;11;50;"RAS_006";0,57
765;71;2;8;4;5;"RAS_006";0,57
775;70;7;28;10;50;"RAS_006";0,57
785;99;5;20;10;10;"RAS_006";0,57
795;119;4;16;7;10;"RAS_006";0,57
805;72;10;40;10;50;"RAS_006";0,57
815;88;5;20;10;10;"RAS_006";0,57
825;102;2;8;4;5;"RAS_006";0,57
835;60;10;40;14;50;"RAS_006";0,57
845;108;2;8;4;5;"RAS_006";0,57
855;92;2;8;4;5;"RAS_006";0,57
865;63;2;8;3;10;"RAS_006";0,57
875;105;10;40;15;50;"RAS_006";0,57
885;53;5;20;10;10;"RAS_006";0,57
895;74;9;36;18;20;"RAS_006";0,57
905;89;7;28;14;10;"RAS_006";0,57
915;64;5;20;10;10;"RAS_006";0,57
925;93;9;36;18;20;"RAS_006";0,57
935;81;4;16;8;5;"RAS_006";0,57
945;77;10;40;14;50;"RAS_006";0,57
955;91;2;8;4;5;"RAS_006";0,57
965;66;2;8;4;5;"RAS_006";0,57
975;67;4;16;8;5;"RAS_006";0,57
985;50;5;20;10;10;"RAS_006";0,57
995;120;2;8;4;5;"RAS_006";0,57
1005;47;10;40;18;20;"RAS_006";0,57
1015;113;7;28;13;20;"RAS_006";0,57
1025;54;7;28;14;10;"RAS_006";0,57
1035;42;2;8;3;10;"RAS_006";0,57
1045;117;2;8;4;5;"RAS_006";0,57
1055;62;8;32;10;50;"RAS_006";0,57
1065;73;7;28;1;50;"RAS_006";0,57
1075;79;9;36;18;20;"RAS_006";0,57
1085;83;5;20;10;10;"RAS_006";0,57
1095;106;2;8;3;10;"RAS_006";0,57
1105;56;9;36;18;20;"RAS_006";0,57
1115;68;4;16;8;5;"RAS_006";0,57
1125;94;4;16;7;10;"RAS_006";0,57
1135;107;8;32;11;50;"RAS_006";0,57
1145;59;9;36;14;50;"RAS_006";0,57
1155;100;8;32;13;20;"RAS_006";0,57
1165;69;7;28;11;20;"RAS_006";0,57
1175;116;5;20;10;10;"RAS_006";0,57
1185;86;2;8;4;5;"RAS_006";0,57
1195;61;8;32;12;50;"RAS_006";0,57
1205;87;9;36;16;20;"RAS_006";0,57
416;80;2;8;3;5;"RAS_008";0,46
426;85;9;36;9;50;"RAS_008";0,46
436;111;9;36;6;50;"RAS_008";0,46
446;78;7;28;4;50;"RAS_008";0,46
456;76;4;16;4;10;"RAS_008";0,46
466;113;7;28;3;50;"RAS_008";0,46
476;110;7;28;3;50;"RAS_008";0,46
486;74;9;36;8;50;"RAS_008";0,46
496;73;7;28;3;50;"RAS_008";0,46
506;109;2;8;1;10;"RAS_008";0,46
516;79;9;36;1;50;"RAS_008";0,46
526;45;5;20;5;20;"RAS_008";0,46
536;104;7;28;8;20;"RAS_008";0,46
546;90;2;8;3;5;"RAS_008";0,46
556;46;10;40;10;50;"RAS_008";0,46
566;72;10;40;1;50;"RAS_008";0,46
576;49;4;16;6;5;"RAS_008";0,46
586;82;9;36;2;50;"RAS_008";0,46
596;43;8;32;9;20;"RAS_008";0,46
606;91;2;8;3;5;"RAS_008";0,46
616;81;4;16;2;20;"RAS_008";0,46
626;99;5;20;5;20;"RAS_008";0,46
636;57;4;16;4;10;"RAS_008";0,46
646;70;7;28;7;20;"RAS_008";0,46
656;47;10;40;14;20;"RAS_008";0,46
666;97;10;40;13;20;"RAS_008";0,46
676;44;4;16;5;10;"RAS_008";0,46
686;101;7;28;8;20;"RAS_008";0,46
696;41;4;16;4;10;"RAS_008";0,46
706;69;7;28;7;20;"RAS_008";0,46
716;75;8;32;8;20;"RAS_008";0,46
726;106;2;8;3;5;"RAS_008";0,46
736;88;5;20;1;20;"RAS_008";0,46
746;93;9;36;11;20;"RAS_008";0,46
756;66;2;8;3;5;"RAS_008";0,46
766;60;10;40;9;50;"RAS_008";0,46
776;112;10;40;3;50;"RAS_008";0,46
786;114;10;40;5;50;"RAS_008";0,46
796;119;4;16;3;20;"RAS_008";0,46
806;54;7;28;8;20;"RAS_008";0,46
816;63;2;8;2;5;"RAS_008";0,46
826;59;9;36;8;50;"RAS_008";0,46
836;105;10;40;5;50;"RAS_008";0,46
846;94;4;16;4;10;"RAS_008";0,46
856;77;10;40;7;50;"RAS_008";0,46
866;96;5;20;5;20;"RAS_008";0,46
876;52;5;20;5;20;"RAS_008";0,46
886;89;7;28;7;20;"RAS_008";0,46
896;86;2;8;2;5;"RAS_008";0,46
906;107;8;32;4;50;"RAS_008";0,46
916;50;5;20;4;20;"RAS_008";0,46
926;84;2;8;2;5;"RAS_008";0,46
936;42;2;8;2;5;"RAS_008";0,46
946;71;2;8;2;5;"RAS_008";0,46
956;58;2;8;2;5;"RAS_008";0,46
966;83;5;20;4;20;"RAS_008";0,46
976;62;8;32;8;20;"RAS_008";0,46
986;118;2;8;2;5;"RAS_008";0,46
996;120;2;8;2;5;"RAS_008";0,46
1006;100;8;32;2;50;"RAS_008";0,46
1016;55;8;32;6;50;"RAS_008";0,46
1026;108;2;8;2;5;"RAS_008";0,46
1036;117;2;8;2;5;"RAS_008";0,46
1046;51;10;40;0;50;"RAS_008";0,46
1056;115;8;32;4;50;"RAS_008";0,46
1066;116;5;20;6;10;"RAS_008";0,46
1076;95;8;32;5;50;"RAS_008";0,46
1086;92;2;8;2;5;"RAS_008";0,46
1096;65;2;8;2;5;"RAS_008";0,46
1106;64;5;20;2;20;"RAS_008";0,46
1116;98;2;8;2;5;"RAS_008";0,46
1126;103;8;32;2;50;"RAS_008";0,46
1136;61;8;32;8;20;"RAS_008";0,46
1146;56;9;36;4;50;"RAS_008";0,46
1156;102;2;8;1;10;"RAS_008";0,46
1166;87;9;36;3;50;"RAS_008";0,46
1176;68;4;16;5;10;"RAS_008";0,46
1186;48;9;36;6;50;"RAS_008";0,46
1196;53;5;20;3;20;"RAS_008";0,46
1206;67;4;16;1;20;"RAS_008";0,46
417;64;5;20;7;5;"RAS_009";0,35
427;65;2;8;3;2;"RAS_009";0,35
437;88;5;20;5;10;"RAS_009";0,35
447;98;2;8;3;2;"RAS_009";0,35
457;56;9;36;1;50;"RAS_009";0,35
467;61;8;32;4;20;"RAS_009";0,35
477;117;2;8;4;2;"RAS_009";0,35
487;87;9;36;6;20;"RAS_009";0,35
497;115;8;32;6;20;"RAS_009";0,35
507;79;9;36;10;10;"RAS_009";0,35
517;72;10;40;10;20;"RAS_009";0,35
527;97;10;40;10;20;"RAS_009";0,35
537;57;4;16;3;10;"RAS_009";0,35
547;100;8;32;5;20;"RAS_009";0,35
557;77;10;40;5;20;"RAS_009";0,35
567;86;2;8;1;5;"RAS_009";0,35
577;63;2;8;2;5;"RAS_009";0,35
587;50;5;20;5;10;"RAS_009";0,35
597;103;8;32;5;20;"RAS_009";0,35
607;113;7;28;5;20;"RAS_009";0,35
617;89;7;28;3;20;"RAS_009";0,35
627;92;2;8;1;5;"RAS_009";0,35
637;108;2;8;1;5;"RAS_009";0,35
647;81;4;16;3;10;"RAS_009";0,35
657;45;5;20;5;10;"RAS_009";0,35
667;46;10;40;10;20;"RAS_009";0,35
677;111;9;36;10;10;"RAS_009";0,35
687;104;7;28;5;20;"RAS_009";0,35
697;120;2;8;1;5;"RAS_009";0,35
707;69;7;28;6;10;"RAS_009";0,35
717;118;2;8;1;5;"RAS_009";0,35
727;67;4;16;3;10;"RAS_009";0,35
737;55;8;32;4;20;"RAS_009";0,35
747;95;8;32;6;20;"RAS_009";0,35
757;101;7;28;6;10;"RAS_009";0,35
767;85;9;36;3;50;"RAS_009";0,35
777;58;2;8;1;5;"RAS_009";0,35
787;76;4;16;4;5;"RAS_009";0,35
797;107;8;32;5;20;"RAS_009";0,35
807;90;2;8;1;5;"RAS_009";0,35
817;114;10;40;5;20;"RAS_009";0,35
827;78;7;28;3;20;"RAS_009";0,35
837;110;7;28;4;20;"RAS_009";0,35
847;54;7;28;4;20;"RAS_009";0,35
857;80;2;8;1;5;"RAS_009";0,35
867;105;10;40;6;20;"RAS_009";0,35
877;71;2;8;1;5;"RAS_009";0,35
887;52;5;20;5;10;"RAS_009";0,35
897;59;9;36;5;20;"RAS_009";0,35
907;99;5;20;2;20;"RAS_009";0,35
917;41;4;16;2;10;"RAS_009";0,35
927;96;5;20;2;20;"RAS_009";0,35
937;94;4;16;4;5;"RAS_009";0,35
947;119;4;16;2;10;"RAS_009";0,35
957;91;2;8;2;5;"RAS_009";0,35
967;116;5;20;4;10;"RAS_009";0,35
977;53;5;20;2;20;"RAS_009";0,35
987;74;9;36;4;20;"RAS_009";0,35
997;47;10;40;4;50;"RAS_009";0,35
1007;106;2;8;1;5;"RAS_009";0,35
1017;84;2;8;1;5;"RAS_009";0,35
1027;49;4;16;1;20;"RAS_009";0,35
1037;44;4;16;2;10;"RAS_009";0,35
1047;83;5;20;4;10;"RAS_009";0,35
1057;102;2;8;1;5;"RAS_009";0,35
1067;70;7;28;4;20;"RAS_009";0,35
1077;42;2;8;1;5;"RAS_009";0,35
1087;43;8;32;4;20;"RAS_009";0,35
1097;93;9;36;0;50;"RAS_009";0,35
1107;66;2;8;1;5;"RAS_009";0,35
1117;73;7;28;3;20;"RAS_009";0,35
1127;68;4;16;5;5;"RAS_009";0,35
1137;48;9;36;0;50;"RAS_009";0,35
1147;60;10;40;5;20;"RAS_009";0,35
1157;82;9;36;4;20;"RAS_009";0,35
1167;62;8;32;5;20;"RAS_009";0,35
1177;75;8;32;3;20;"RAS_009";0,35
1187;51;10;40;8;20;"RAS_009";0,35
1197;109;2;8;1;5;"RAS_009";0,35
1207;112;10;40;6;20;"RAS_009";0,35
418;89;7;28;10;20;"RAS_010";0,53
428;75;8;32;12;20;"RAS_010";0,53
438;109;2;8;3;5;"RAS_010";0,53
448;87;9;36;14;20;"RAS_010";0,53
458;116;5;20;7;20;"RAS_010";0,53
468;86;2;8;3;5;"RAS_010";0,53
478;72;10;40;15;20;"RAS_010";0,53
488;77;10;40;15;20;"RAS_010";0,53
498;83;5;20;8;10;"RAS_010";0,53
508;48;9;36;14;20;"RAS_010";0,53
518;114;10;40;15;20;"RAS_010";0,53
528;92;2;8;3;5;"RAS_010";0,53
538;82;9;36;14;20;"RAS_010";0,53
548;49;4;16;6;10;"RAS_010";0,53
558;96;5;20;7;20;"RAS_010";0,53
568;120;2;8;3;5;"RAS_010";0,53
578;64;5;20;7;20;"RAS_010";0,53
588;106;2;8;3;5;"RAS_010";0,53
598;56;9;36;13;20;"RAS_010";0,53
608;54;7;28;10;20;"RAS_010";0,53
618;52;5;20;7;20;"RAS_010";0,53
628;45;5;20;7;20;"RAS_010";0,53
638;73;7;28;10;20;"RAS_010";0,53
648;97;10;40;14;50;"RAS_010";0,53
658;88;5;20;8;10;"RAS_010";0,53
668;46;10;40;15;20;"RAS_010";0,53
678;42;2;8;3;5;"RAS_010";0,53
688;115;8;32;11;20;"RAS_010";0,53
698;62;8;32;11;20;"RAS_010";0,53
708;47;10;40;15;20;"RAS_010";0,53
718;70;7;28;10;20;"RAS_010";0,53
728;90;2;8;3;5;"RAS_010";0,53
738;119;4;16;6;10;"RAS_010";0,53
748;81;4;16;7;10;"RAS_010";0,53
758;117;2;8;3;5;"RAS_010";0,53
768;68;4;16;7;10;"RAS_010";0,53
778;112;10;40;15;20;"RAS_010";0,53
788;95;8;32;11;20;"RAS_010";0,53
798;67;4;16;6;10;"RAS_010";0,53
808;94;4;16;6;10;"RAS_010";0,53
818;84;2;8;3;5;"RAS_010";0,53
828;80;2;8;3;5;"RAS_010";0,53
838;85;9;36;13;20;"RAS_010";0,53
848;111;9;36;13;20;"RAS_010";0,53
858;91;2;8;3;5;"RAS_010";0,53
868;63;2;8;3;5;"RAS_010";0,53
878;60;10;40;15;20;"RAS_010";0,53
888;57;4;16;6;10;"RAS_010";0,53
898;107;8;32;11;20;"RAS_010";0,53
908;110;7;28;10;20;"RAS_010";0,53
918;104;7;28;10;20;"RAS_010";0,53
928;100;8;32;12;20;"RAS_010";0,53
938;118;2;8;3;5;"RAS_010";0,53
948;113;7;28;10;20;"RAS_010";0,53
958;66;2;8;3;5;"RAS_010";0,53
968;74;9;36;14;20;"RAS_010";0,53
978;93;9;36;14;20;"RAS_010";0,53
988;59;9;36;14;20;"RAS_010";0,53
998;51;10;40;15;20;"RAS_010";0,53
1008;76;4;16;6;10;"RAS_010";0,53
1018;44;4;16;6;10;"RAS_010";0,53
1028;102;2;8;3;5;"RAS_010";0,53
1038;71;2;8;3;5;"RAS_010";0,53
1048;98;2;8;3;5;"RAS_010";0,53
1058;105;10;40;14;50;"RAS_010";0,53
1068;99;5;20;7;20;"RAS_010";0,53
1078;79;9;36;13;20;"RAS_010";0,53
1088;43;8;32;11;20;"RAS_010";0,53
1098;61;8;32;11;20;"RAS_010";0,53
1108;55;8;32;11;20;"RAS_010";0,53
1118;50;5;20;7;20;"RAS_010";0,53
1128;69;7;28;10;20;"RAS_010";0,53
1138;58;2;8;3;5;"RAS_010";0,53
1148;53;5;20;7;20;"RAS_010";0,53
1158;78;7;28;10;20;"RAS_010";0,53
1168;108;2;8;3;5;"RAS_010";0,53
1178;103;8;32;11;20;"RAS_010";0,53
1188;65;2;8;3;5;"RAS_010";0,53
1198;101;7;28;10;20;"RAS_010";0,53
1208;41;4;16;6;10;"RAS_010";0,53
419;53;5;20;8;20;"RAS_011";0,65
429;101;7;28;13;50;"RAS_011";0,65
439;108;2;8;5;2;"RAS_011";0,65
449;92;2;8;3;10;"RAS_011";0,65
459;62;8;32;16;20;"RAS_011";0,65
469;96;5;20;8;20;"RAS_011";0,65
479;112;10;40;17;50;"RAS_011";0,65
489;83;5;20;8;20;"RAS_011";0,65
499;63;2;8;3;10;"RAS_011";0,65
509;109;2;8;3;10;"RAS_011";0,65
519;87;9;36;16;50;"RAS_011";0,65
529;45;5;20;8;20;"RAS_011";0,65
539;82;9;36;27;50;"RAS_011";0,65
549;56;9;36;8;50;"RAS_011";0,65
559;65;2;8;2;10;"RAS_011";0,65
569;106;2;8;3;10;"RAS_011";0,65
579;76;4;16;6;20;"RAS_011";0,65
589;97;10;40;14;50;"RAS_011";0,65
599;80;2;8;3;10;"RAS_011";0,65
609;55;8;32;10;50;"RAS_011";0,65
619;43;8;32;8;50;"RAS_011";0,65
629;57;4;16;5;20;"RAS_011";0,65
639;95;8;32;10;50;"RAS_011";0,65
649;49;4;16;4;20;"RAS_011";0,65
659;71;2;8;3;10;"RAS_011";0,65
669;46;10;40;10;50;"RAS_011";0,65
679;47;10;40;15;50;"RAS_011";0,65
689;54;7;28;12;50;"RAS_011";0,65
699;90;2;8;3;10;"RAS_011";0,65
709;73;7;28;7;50;"RAS_011";0,65
719;70;7;28;7;50;"RAS_011";0,65
729;119;4;16;6;20;"RAS_011";0,65
739;89;7;28;10;50;"RAS_011";0,65
749;79;9;36;9;50;"RAS_011";0,65
759;50;5;20;7;20;"RAS_011";0,65
769;93;9;36;12;50;"RAS_011";0,65
779;88;5;20;8;20;"RAS_011";0,65
789;85;9;36;11;50;"RAS_011";0,65
799;114;10;40;15;50;"RAS_011";0,65
809;64;5;20;8;20;"RAS_011";0,65
819;75;8;32;10;50;"RAS_011";0,65
829;111;9;36;11;50;"RAS_011";0,65
839;120;2;8;3;10;"RAS_011";0,65
849;52;5;20;7;20;"RAS_011";0,65
859;107;8;32;12;50;"RAS_011";0,65
869;110;7;28;12;50;"RAS_011";0,65
879;100;8;32;12;50;"RAS_011";0,65
889;59;9;36;11;50;"RAS_011";0,65
899;61;8;32;12;50;"RAS_011";0,65
909;69;7;28;13;50;"RAS_011";0,65
919;51;10;40;15;50;"RAS_011";0,65
929;94;4;16;7;20;"RAS_011";0,65
939;115;8;32;11;50;"RAS_011";0,65
949;66;2;8;3;10;"RAS_011";0,65
959;44;4;16;6;20;"RAS_011";0,65
969;42;2;8;3;10;"RAS_011";0,65
979;68;4;16;6;20;"RAS_011";0,65
989;78;7;28;8;50;"RAS_011";0,65
999;58;2;8;3;10;"RAS_011";0,65
1009;118;2;8;3;10;"RAS_011";0,65
1019;104;7;28;12;50;"RAS_011";0,65
1029;105;10;40;15;50;"RAS_011";0,65
1039;116;5;20;7;20;"RAS_011";0,65
1049;117;2;8;3;10;"RAS_011";0,65
1059;113;7;28;10;50;"RAS_011";0,65
1069;60;10;40;16;50;"RAS_011";0,65
1079;103;8;32;13;50;"RAS_011";0,65
1089;41;4;16;7;20;"RAS_011";0,65
1099;72;10;40;15;50;"RAS_011";0,65
1109;48;9;36;15;50;"RAS_011";0,65
1119;84;2;8;3;10;"RAS_011";0,65
1129;102;2;8;3;10;"RAS_011";0,65
1139;81;4;16;7;20;"RAS_011";0,65
1149;86;2;8;2;10;"RAS_011";0,65
1159;91;2;8;3;10;"RAS_011";0,65
1169;98;2;8;3;10;"RAS_011";0,65
1179;77;10;40;15;50;"RAS_011";0,65
1189;99;5;20;8;20;"RAS_011";0,65
1199;74;9;36;8;50;"RAS_011";0,65
1209;67;4;16;6;20;"RAS_011";0,65
4110;85;9;36;5;50;"RAS_014";0,44
4210;112;10;40;4;50;"RAS_014";0,44
4310;82;9;36;6;50;"RAS_014";0,44
4410;59;9;36;6;50;"RAS_014";0,44
4510;98;2;8;2;5;"RAS_014";0,44
4610;99;5;20;6;10;"RAS_014";0,44
4710;61;8;32;5;50;"RAS_014";0,44
4810;69;7;28;7;20;"RAS_014";0,44
4910;79;9;36;10;20;"RAS_014";0,44
5010;50;5;20;8;5;"RAS_014";0,44
5110;91;2;8;1;10;"RAS_014";0,44
5210;58;2;8;2;5;"RAS_014";0,44
5310;107;8;32;4;50;"RAS_014";0,44
5410;62;8;32;0;50;"RAS_014";0,44
5510;41;4;16;5;10;"RAS_014";0,44
5610;64;5;20;3;20;"RAS_014";0,44
5710;81;4;16;3;20;"RAS_014";0,44
5810;66;2;8;1;10;"RAS_014";0,44
5910;117;2;8;2;5;"RAS_014";0,44
6010;68;4;16;0;20;"RAS_014";0,44
6110;83;5;20;3;20;"RAS_014";0,44
6210;44;4;16;2;20;"RAS_014";0,44
6310;57;4;16;1;20;"RAS_014";0,44
6410;120;2;8;1;10;"RAS_014";0,44
6510;65;2;8;2;5;"RAS_014";0,44
6610;90;2;8;1;10;"RAS_014";0,44
6710;87;9;36;3;50;"RAS_014";0,44
6810;101;7;28;2;50;"RAS_014";0,44
6910;115;8;32;10;20;"RAS_014";0,44
7010;111;9;36;6;50;"RAS_014";0,44
7110;77;10;40;8;50;"RAS_014";0,44
7210;80;2;8;3;5;"RAS_014";0,44
7310;54;7;28;4;50;"RAS_014";0,44
7410;92;2;8;3;5;"RAS_014";0,44
7510;42;2;8;2;5;"RAS_014";0,44
7610;94;4;16;3;20;"RAS_014";0,44
7710;97;10;40;10;20;"RAS_014";0,44
7810;118;2;8;2;5;"RAS_014";0,44
7910;70;7;28;3;50;"RAS_014";0,44
8010;119;4;16;2;20;"RAS_014";0,44
8110;47;10;40;5;50;"RAS_014";0,44
8210;88;5;20;5;10;"RAS_014";0,44
8310;75;8;32;0;50;"RAS_014";0,44
8410;74;9;36;6;50;"RAS_014";0,44
8510;52;5;20;5;10;"RAS_014";0,44
8610;53;5;20;10;5;"RAS_014";0,44
8710;67;4;16;6;5;"RAS_014";0,44
8810;96;5;20;6;10;"RAS_014";0,44
8910;43;8;32;10;20;"RAS_014";0,44
9010;113;7;28;0;50;"RAS_014";0,44
9110;72;10;40;5;50;"RAS_014";0,44
9210;109;2;8;2;5;"RAS_014";0,44
9310;110;7;28;2;50;"RAS_014";0,44
9410;105;10;40;10;20;"RAS_014";0,44
9510;51;10;40;10;20;"RAS_014";0,44
9610;78;7;28;5;20;"RAS_014";0,44
9710;100;8;32;0;50;"RAS_014";0,44
9810;55;8;32;2;50;"RAS_014";0,44
9910;46;10;40;11;20;"RAS_014";0,44
10010;48;9;36;6;50;"RAS_014";0,44
10110;84;2;8;2;5;"RAS_014";0,44
10210;106;2;8;2;5;"RAS_014";0,44
10310;102;2;8;0;10;"RAS_014";0,44
10410;49;4;16;6;5;"RAS_014";0,44
10510;114;10;40;5;50;"RAS_014";0,44
10610;71;2;8;1;10;"RAS_014";0,44
10710;103;8;32;10;20;"RAS_014";0,44
10810;63;2;8;3;5;"RAS_014";0,44
10910;104;7;28;6;20;"RAS_014";0,44
11010;60;10;40;10;20;"RAS_014";0,44
11110;76;4;16;3;20;"RAS_014";0,44
11210;89;7;28;3;50;"RAS_014";0,44
11310;45;5;20;4;20;"RAS_014";0,44
11410;108;2;8;1;10;"RAS_014";0,44
11510;116;5;20;3;20;"RAS_014";0,44
11610;56;9;36;5;50;"RAS_014";0,44
11710;93;9;36;0;50;"RAS_014";0,44
11810;95;8;32;5;50;"RAS_014";0,44
11910;86;2;8;0;10;"RAS_014";0,44
12010;73;7;28;4;50;"RAS_014";0,44
4111;114;10;40;10;20;"RAS_016";0,37
4211;90;2;8;2;5;"RAS_016";0,37
4311;92;2;8;2;5;"RAS_016";0,37
4411;50;5;20;5;10;"RAS_016";0,37
4511;115;8;32;8;20;"RAS_016";0,37
4611;71;2;8;2;5;"RAS_016";0,37
4711;81;4;16;4;10;"RAS_016";0,37
4811;54;7;28;7;10;"RAS_016";0,37
4911;76;4;16;4;10;"RAS_016";0,37
5011;110;7;28;7;10;"RAS_016";0,37
5111;77;10;40;10;20;"RAS_016";0,37
5211;99;5;20;5;10;"RAS_016";0,37
5311;117;2;8;2;5;"RAS_016";0,37
5411;73;7;28;7;10;"RAS_016";0,37
5511;66;2;8;2;5;"RAS_016";0,37
5611;106;2;8;2;5;"RAS_016";0,37
5711;109;2;8;2;5;"RAS_016";0,37
5811;87;9;36;10;20;"RAS_016";0,37
5911;51;10;40;10;20;"RAS_016";0,37
6011;41;4;16;4;10;"RAS_016";0,37
6111;107;8;32;8;20;"RAS_016";0,37
6211;52;5;20;5;10;"RAS_016";0,37
6311;101;7;28;7;10;"RAS_016";0,37
6411;62;8;32;8;20;"RAS_016";0,37
6511;98;2;8;2;5;"RAS_016";0,37
6611;68;4;16;4;10;"RAS_016";0,37
6711;97;10;40;10;20;"RAS_016";0,37
6811;100;8;32;8;20;"RAS_016";0,37
6911;60;10;40;10;20;"RAS_016";0,37
7011;63;2;8;2;5;"RAS_016";0,37
7111;89;7;28;7;10;"RAS_016";0,37
7211;67;4;16;4;10;"RAS_016";0,37
7311;69;7;28;7;10;"RAS_016";0,37
7411;119;4;16;4;10;"RAS_016";0,37
7511;72;10;40;10;20;"RAS_016";0,37
7611;96;5;20;5;10;"RAS_016";0,37
7711;102;2;8;2;5;"RAS_016";0,37
7811;46;10;40;10;20;"RAS_016";0,37
7911;45;5;20;5;10;"RAS_016";0,37
8011;113;7;28;7;10;"RAS_016";0,37
8111;95;8;32;8;20;"RAS_016";0,37
8211;58;2;8;2;5;"RAS_016";0,37
8311;83;5;20;5;10;"RAS_016";0,37
8411;44;4;16;4;10;"RAS_016";0,37
8511;55;8;32;8;20;"RAS_016";0,37
8611;86;2;8;2;5;"RAS_016";0,37
8711;104;7;28;7;10;"RAS_016";0,37
8811;93;9;36;9;20;"RAS_016";0,37
8911;120;2;8;2;5;"RAS_016";0,37
9011;79;9;36;9;20;"RAS_016";0,37
9111;91;2;8;2;5;"RAS_016";0,37
9211;53;5;20;5;10;"RAS_016";0,37
9311;61;8;32;8;20;"RAS_016";0,37
9411;116;5;20;5;10;"RAS_016";0,37
9511;105;10;40;10;20;"RAS_016";0,37
9611;65;2;8;2;5;"RAS_016";0,37
9711;59;9;36;9;20;"RAS_016";0,37
9811;48;9;36;9;20;"RAS_016";0,37
9911;75;8;32;8;20;"RAS_016";0,37
10011;118;2;8;2;5;"RAS_016";0,37
10111;70;7;28;7;10;"RAS_016";0,37
10211;78;7;28;7;10;"RAS_016";0,37
10311;88;5;20;5;10;"RAS_016";0,37
10411;64;5;20;5;10;"RAS_016";0,37
10511;82;9;36;9;20;"RAS_016";0,37
10611;42;2;8;2;5;"RAS_016";0,37
10711;57;4;16;4;10;"RAS_016";0,37
10811;74;9;36;9;20;"RAS_016";0,37
10911;49;4;16;4;10;"RAS_016";0,37
11011;94;4;16;4;10;"RAS_016";0,37
11111;56;9;36;9;20;"RAS_016";0,37
11211;103;8;32;8;20;"RAS_016";0,37
11311;43;8;32;8;20;"RAS_016";0,37
11411;84;2;8;2;5;"RAS_016";0,37
11511;47;10;40;10;20;"RAS_016";0,37
11611;112;10;40;10;20;"RAS_016";0,37
11711;111;9;36;9;20;"RAS_016";0,37
11811;85;9;36;9;20;"RAS_016";0,37
11911;80;2;8;2;5;"RAS_016";0,37
12011;108;2;8;2;5;"RAS_016";0,37
4112;95;8;32;16;20;"RAS_017";0,6
4212;102;2;8;4;5;"RAS_017";0,6
4312;86;2;8;4;5;"RAS_017";0,6
4412;50;5;20;10;10;"RAS_017";0,6
4512;103;8;32;16;20;"RAS_017";0,6
4612;82;9;36;18;20;"RAS_017";0,6
4712;89;7;28;14;20;"RAS_017";0,6
4812;120;2;8;4;5;"RAS_017";0,6
4912;97;10;40;20;20;"RAS_017";0,6
5012;110;7;28;14;20;"RAS_017";0,6
5112;56;9;36;18;20;"RAS_017";0,6
5212;117;2;8;4;5;"RAS_017";0,6
5312;85;9;36;18;20;"RAS_017";0,6
5412;114;10;40;20;20;"RAS_017";0,6
5512;66;2;8;4;5;"RAS_017";0,6
5612;77;10;40;20;20;"RAS_017";0,6
5712;83;5;20;10;10;"RAS_017";0,6
5812;81;4;16;8;10;"RAS_017";0,6
5912;59;9;36;18;20;"RAS_017";0,6
6012;52;5;20;10;10;"RAS_017";0,6
6112;51;10;40;15;50;"RAS_017";0,6
6212;118;2;8;4;5;"RAS_017";0,6
6312;55;8;32;14;20;"RAS_017";0,6
6412;46;10;40;22;20;"RAS_017";0,6
6512;116;5;20;8;20;"RAS_017";0,6
6612;119;4;16;7;10;"RAS_017";0,6
6712;58;2;8;4;5;"RAS_017";0,6
6812;53;5;20;8;20;"RAS_017";0,6
6912;80;2;8;3;10;"RAS_017";0,6
7012;47;10;40;19;20;"RAS_017";0,6
7112;107;8;32;17;20;"RAS_017";0,6
7212;96;5;20;9;20;"RAS_017";0,6
7312;70;7;28;13;20;"RAS_017";0,6
7412;88;5;20;9;20;"RAS_017";0,6
7512;44;4;16;7;10;"RAS_017";0,6
7612;43;8;32;15;20;"RAS_017";0,6
7712;54;7;28;12;20;"RAS_017";0,6
7812;49;4;16;7;10;"RAS_017";0,6
7912;61;8;32;15;20;"RAS_017";0,6
8012;100;8;32;15;20;"RAS_017";0,6
8112;91;2;8;3;10;"RAS_017";0,6
8212;108;2;8;3;10;"RAS_017";0,6
8312;78;7;28;13;20;"RAS_017";0,6
8412;93;9;36;17;20;"RAS_017";0,6
8512;76;4;16;7;10;"RAS_017";0,6
8612;115;8;32;15;20;"RAS_017";0,6
8712;113;7;28;13;20;"RAS_017";0,6
8812;64;5;20;9;20;"RAS_017";0,6
8912;67;4;16;7;10;"RAS_017";0,6
9012;65;2;8;3;10;"RAS_017";0,6
9112;48;9;36;17;20;"RAS_017";0,6
9212;109;2;8;3;10;"RAS_017";0,6
9312;45;5;20;9;20;"RAS_017";0,6
9412;74;9;36;17;20;"RAS_017";0,6
9512;101;7;28;13;20;"RAS_017";0,6
9612;72;10;40;19;20;"RAS_017";0,6
9712;60;10;40;19;20;"RAS_017";0,6
9812;99;5;20;9;20;"RAS_017";0,6
9912;68;4;16;7;10;"RAS_017";0,6
10012;62;8;32;15;20;"RAS_017";0,6
10112;104;7;28;13;20;"RAS_017";0,6
10212;92;2;8;3;10;"RAS_017";0,6
10312;105;10;40;19;20;"RAS_017";0,6
10412;87;9;36;17;20;"RAS_017";0,6
10512;79;9;36;17;20;"RAS_017";0,6
10612;63;2;8;3;10;"RAS_017";0,6
10712;75;8;32;15;20;"RAS_017";0,6
10812;84;2;8;3;10;"RAS_017";0,6
10912;106;2;8;3;10;"RAS_017";0,6
11012;57;4;16;7;10;"RAS_017";0,6
11112;90;2;8;3;10;"RAS_017";0,6
11212;112;10;40;19;20;"RAS_017";0,6
11312;94;4;16;7;10;"RAS_017";0,6
11412;98;2;8;3;10;"RAS_017";0,6
11512;73;7;28;12;20;"RAS_017";0,6
11612;111;9;36;17;20;"RAS_017";0,6
11712;42;2;8;3;10;"RAS_017";0,6
11812;71;2;8;3;10;"RAS_017";0,6
11912;69;7;28;13;20;"RAS_017";0,6
12012;41;4;16;7;10;"RAS_017";0,6
4113;113;7;28;12;10;"RAS_018";0,48
4213;66;2;8;3;5;"RAS_018";0,48
4313;89;7;28;13;10;"RAS_018";0,48
4413;85;9;36;16;10;"RAS_018";0,48
4513;115;8;32;15;10;"RAS_018";0,48
4613;69;7;28;13;10;"RAS_018";0,48
4713;118;2;8;3;5;"RAS_018";0,48
4813;99;5;20;8;10;"RAS_018";0,48
4913;61;8;32;14;10;"RAS_018";0,48
5013;98;2;8;3;5;"RAS_018";0,48
5113;71;2;8;3;5;"RAS_018";0,48
5213;91;2;8;3;5;"RAS_018";0,48
5313;45;5;20;9;5;"RAS_018";0,48
5413;116;5;20;9;5;"RAS_018";0,48
5513;95;8;32;14;10;"RAS_018";0,48
5613;68;4;16;6;10;"RAS_018";0,48
5713;114;10;40;17;20;"RAS_018";0,48
5813;105;10;40;18;10;"RAS_018";0,48
5913;109;2;8;3;5;"RAS_018";0,48
6013;87;9;36;16;10;"RAS_018";0,48
6113;112;10;40;18;10;"RAS_018";0,48
6213;64;5;20;8;10;"RAS_018";0,48
6313;84;2;8;3;5;"RAS_018";0,48
6413;74;9;36;16;10;"RAS_018";0,48
6513;81;4;16;7;5;"RAS_018";0,48
6613;86;2;8;3;5;"RAS_018";0,48
6713;70;7;28;13;10;"RAS_018";0,48
6813;52;5;20;9;5;"RAS_018";0,48
6913;41;4;16;7;5;"RAS_018";0,48
7013;48;9;36;16;10;"RAS_018";0,48
7113;55;8;32;15;10;"RAS_018";0,48
7213;50;5;20;8;10;"RAS_018";0,48
7313;119;4;16;7;5;"RAS_018";0,48
7413;51;10;40;18;10;"RAS_018";0,48
7513;80;2;8;3;5;"RAS_018";0,48
7613;102;2;8;3;5;"RAS_018";0,48
7713;107;8;32;15;10;"RAS_018";0,48
7813;49;4;16;7;5;"RAS_018";0,48
7913;108;2;8;4;2;"RAS_018";0,48
8013;59;9;36;17;10;"RAS_018";0,48
8113;73;7;28;13;10;"RAS_018";0,48
8213;111;9;36;17;10;"RAS_018";0,48
8313;42;2;8;3;5;"RAS_018";0,48
8413;76;4;16;7;5;"RAS_018";0,48
8513;79;9;36;17;10;"RAS_018";0,48
8613;88;5;20;9;5;"RAS_018";0,48
8713;54;7;28;13;10;"RAS_018";0,48
8813;100;8;32;15;10;"RAS_018";0,48
8913;96;5;20;9;5;"RAS_018";0,48
9013;94;4;16;7;5;"RAS_018";0,48
9113;97;10;40;19;10;"RAS_018";0,48
9213;57;4;16;7;5;"RAS_018";0,48
9313;110;7;28;13;10;"RAS_018";0,48
9413;67;4;16;7;5;"RAS_018";0,48
9513;103;8;32;15;10;"RAS_018";0,48
9613;75;8;32;15;10;"RAS_018";0,48
9713;46;10;40;19;10;"RAS_018";0,48
9813;53;5;20;9;5;"RAS_018";0,48
9913;106;2;8;3;5;"RAS_018";0,48
10013;117;2;8;3;5;"RAS_018";0,48
10113;104;7;28;13;10;"RAS_018";0,48
10213;93;9;36;17;10;"RAS_018";0,48
10313;78;7;28;13;10;"RAS_018";0,48
10413;77;10;40;19;10;"RAS_018";0,48
10513;56;9;36;17;10;"RAS_018";0,48
10613;72;10;40;19;10;"RAS_018";0,48
10713;82;9;36;17;10;"RAS_018";0,48
10813;120;2;8;3;5;"RAS_018";0,48
10913;60;10;40;19;10;"RAS_018";0,48
11013;101;7;28;13;10;"RAS_018";0,48
11113;47;10;40;19;10;"RAS_018";0,48
11213;92;2;8;3;5;"RAS_018";0,48
11313;62;8;32;15;10;"RAS_018";0,48
11413;58;2;8;3;5;"RAS_018";0,48
11513;43;8;32;15;10;"RAS_018";0,48
11613;44;4;16;7;5;"RAS_018";0,48
11713;90;2;8;3;5;"RAS_018";0,48
11813;83;5;20;9;5;"RAS_018";0,48
11913;63;2;8;3;5;"RAS_018";0,48
12013;65;2;8;3;5;"RAS_018";0,48
4114;51;10;40;10;50;"RAS_019";0,47
4214;71;2;8;2;5;"RAS_019";0,47
4314;63;2;8;2;5;"RAS_019";0,47
4414;53;5;20;5;20;"RAS_019";0,47
4514;60;10;40;10;50;"RAS_019";0,47
4614;114;10;40;5;50;"RAS_019";0,47
4714;73;7;28;3;50;"RAS_019";0,47
4814;76;4;16;3;20;"RAS_019";0,47
4914;43;8;32;5;50;"RAS_019";0,47
5014;111;9;36;9;50;"RAS_019";0,47
5114;50;5;20;5;20;"RAS_019";0,47
5214;117;2;8;2;5;"RAS_019";0,47
5314;107;8;32;2;50;"RAS_019";0,47
5414;118;2;8;2;5;"RAS_019";0,47
5514;82;9;36;8;50;"RAS_019";0,47
5614;48;9;36;7;50;"RAS_019";0,47
5714;93;9;36;7;50;"RAS_019";0,47
5814;108;2;8;2;5;"RAS_019";0,47
5914;103;8;32;5;50;"RAS_019";0,47
6014;99;5;20;5;20;"RAS_019";0,47
6114;55;8;32;4;50;"RAS_019";0,47
6214;91;2;8;2;5;"RAS_019";0,47
6314;92;2;8;2;5;"RAS_019";0,47
6414;61;8;32;7;50;"RAS_019";0,47
6514;106;2;8;2;5;"RAS_019";0,47
6614;54;7;28;5;50;"RAS_019";0,47
6714;68;4;16;4;10;"RAS_019";0,47
6814;45;5;20;4;20;"RAS_019";0,47
6914;110;7;28;6;50;"RAS_019";0,47
7014;86;2;8;2;5;"RAS_019";0,47
7114;97;10;40;10;50;"RAS_019";0,47
7214;75;8;32;8;20;"RAS_019";0,47
7314;64;5;20;5;20;"RAS_019";0,47
7414;78;7;28;4;50;"RAS_019";0,47
7514;100;8;32;6;50;"RAS_019";0,47
7614;56;9;36;9;50;"RAS_019";0,47
7714;66;2;8;2;5;"RAS_019";0,47
7814;98;2;8;2;5;"RAS_019";0,47
7914;69;7;28;5;50;"RAS_019";0,47
8014;120;2;8;2;5;"RAS_019";0,47
8114;94;4;16;4;10;"RAS_019";0,47
8214;84;2;8;2;5;"RAS_019";0,47
8314;79;9;36;9;50;"RAS_019";0,47
8414;112;10;40;10;50;"RAS_019";0,47
8514;96;5;20;5;20;"RAS_019";0,47
8614;59;9;36;9;50;"RAS_019";0,47
8714;57;4;16;4;10;"RAS_019";0,47
8814;95;8;32;7;50;"RAS_019";0,47
8914;65;2;8;2;5;"RAS_019";0,47
9014;67;4;16;4;10;"RAS_019";0,47
9114;74;9;36;9;50;"RAS_019";0,47
9214;83;5;20;5;20;"RAS_019";0,47
9314;42;2;8;2;5;"RAS_019";0,47
9414;105;10;40;10;50;"RAS_019";0,47
9514;81;4;16;4;10;"RAS_019";0,47
9614;80;2;8;2;5;"RAS_019";0,47
9714;89;7;28;5;50;"RAS_019";0,47
9814;104;7;28;5;50;"RAS_019";0,47
9914;46;10;40;10;50;"RAS_019";0,47
10014;101;7;28;5;50;"RAS_019";0,47
10114;72;10;40;10;50;"RAS_019";0,47
10214;41;4;16;4;10;"RAS_019";0,47
10314;52;5;20;5;20;"RAS_019";0,47
10414;49;4;16;4;10;"RAS_019";0,47
10514;58;2;8;2;5;"RAS_019";0,47
10614;85;9;36;9;50;"RAS_019";0,47
10714;115;8;32;8;20;"RAS_019";0,47
10814;47;10;40;10;50;"RAS_019";0,47
10914;113;7;28;5;50;"RAS_019";0,47
11014;77;10;40;10;50;"RAS_019";0,47
11114;88;5;20;5;20;"RAS_019";0,47
11214;70;7;28;5;50;"RAS_019";0,47
11314;116;5;20;5;20;"RAS_019";0,47
11414;87;9;36;9;50;"RAS_019";0,47
11514;109;2;8;2;5;"RAS_019";0,47
11614;90;2;8;2;5;"RAS_019";0,47
11714;102;2;8;2;5;"RAS_019";0,47
11814;62;8;32;8;20;"RAS_019";0,47
11914;119;4;16;4;10;"RAS_019";0,47
12014;44;4;16;4;10;"RAS_019";0,47
4115;105;10;40;16;20;"RAS_020";0,55
4215;108;2;8;4;5;"RAS_020";0,55
4315;67;4;16;4;20;"RAS_020";0,55
4415;78;7;28;16;10;"RAS_020";0,55
4515;89;7;28;7;50;"RAS_020";0,55
4615;44;4;16;7;10;"RAS_020";0,55
4715;104;7;28;12;20;"RAS_020";0,55
4815;101;7;28;15;10;"RAS_020";0,55
4915;54;7;28;14;10;"RAS_020";0,55
5015;87;9;36;8;50;"RAS_020";0,55
5115;63;2;8;4;5;"RAS_020";0,55
5215;73;7;28;20;50;"RAS_020";0,55
5315;70;7;28;13;10;"RAS_020";0,55
5415;66;2;8;5;2;"RAS_020";0,55
5515;47;10;40;0;50;"RAS_020";0,55
5615;111;9;36;12;50;"RAS_020";0,55
5715;113;7;28;15;10;"RAS_020";0,55
5815;52;5;20;5;20;"RAS_020";0,55
5915;59;9;36;11;50;"RAS_020";0,55
6015;85;9;36;11;50;"RAS_020";0,55
6115;42;2;8;5;2;"RAS_020";0,55
6215;74;9;36;18;10;"RAS_020";0,55
6315;90;2;8;3;5;"RAS_020";0,55
6415;75;8;32;13;20;"RAS_020";0,55
6515;61;8;32;17;10;"RAS_020";0,55
6615;64;5;20;10;10;"RAS_020";0,55
6715;84;2;8;4;5;"RAS_020";0,55
6815;106;2;8;2;10;"RAS_020";0,55
6915;69;7;28;10;20;"RAS_020";0,55
7015;57;4;16;7;10;"RAS_020";0,55
7115;107;8;32;3;50;"RAS_020";0,55
7215;80;2;8;2;10;"RAS_020";0,55
7315;117;2;8;3;5;"RAS_020";0,55
7415;56;9;36;12;50;"RAS_020";0,55
7515;98;2;8;4;5;"RAS_020";0,55
7615;68;4;16;8;5;"RAS_020";0,55
7715;86;2;8;5;2;"RAS_020";0,55
7815;91;2;8;3;5;"RAS_020";0,55
7915;118;2;8;4;5;"RAS_020";0,55
8015;96;5;20;7;20;"RAS_020";0,55
8115;120;2;8;1;10;"RAS_020";0,55
8215;48;9;36;6;50;"RAS_020";0,55
8315;76;4;16;5;20;"RAS_020";0,55
8415;115;8;32;10;50;"RAS_020";0,55
8515;99;5;20;8;10;"RAS_020";0,55
8615;97;10;40;16;20;"RAS_020";0,55
8715;51;10;40;18;20;"RAS_020";0,55
8815;79;9;36;24;50;"RAS_020";0,55
8915;119;4;16;11;20;"RAS_020";0,55
9015;88;5;20;6;20;"RAS_020";0,55
9115;43;8;32;13;20;"RAS_020";0,55
9215;100;8;32;10;50;"RAS_020";0,55
9315;46;10;40;0;50;"RAS_020";0,55
9415;95;8;32;16;10;"RAS_020";0,55
9515;103;8;32;16;10;"RAS_020";0,55
9615;50;5;20;9;10;"RAS_020";0,55
9715;65;2;8;3;5;"RAS_020";0,55
9815;71;2;8;3;5;"RAS_020";0,55
9915;81;4;16;7;10;"RAS_020";0,55
10015;41;4;16;9;5;"RAS_020";0,55
10115;55;8;32;17;10;"RAS_020";0,55
10215;102;2;8;8;10;"RAS_020";0,55
10315;116;5;20;10;10;"RAS_020";0,55
10415;62;8;32;11;50;"RAS_020";0,55
10515;58;2;8;4;5;"RAS_020";0,55
10615;60;10;40;11;50;"RAS_020";0,55
10715;110;7;28;8;50;"RAS_020";0,55
10815;94;4;16;9;5;"RAS_020";0,55
10915;92;2;8;8;10;"RAS_020";0,55
11015;72;10;40;16;20;"RAS_020";0,55
11115;45;5;20;10;10;"RAS_020";0,55
11215;49;4;16;15;20;"RAS_020";0,55
11315;109;2;8;4;5;"RAS_020";0,55
11415;83;5;20;6;20;"RAS_020";0,55
11515;53;5;20;6;20;"RAS_020";0,55
11615;77;10;40;20;20;"RAS_020";0,55
11715;93;9;36;8;50;"RAS_020";0,55
11815;82;9;36;11;50;"RAS_020";0,55
11915;114;10;40;15;50;"RAS_020";0,55
12015;112;10;40;11;50;"RAS_020";0,55
4116;109;2;8;4;5;"RAS_021";0,55
4216;103;8;32;12;20;"RAS_021";0,55
4316;48;9;36;13;50;"RAS_021";0,55
4416;68;4;16;7;10;"RAS_021";0,55
4516;93;9;36;14;20;"RAS_021";0,55
4616;104;7;28;11;20;"RAS_021";0,55
4716;116;5;20;7;20;"RAS_021";0,55
4816;63;2;8;3;5;"RAS_021";0,55
4916;84;2;8;3;5;"RAS_021";0,55
5016;113;7;28;10;20;"RAS_021";0,55
5116;62;8;32;14;20;"RAS_021";0,55
5216;89;7;28;12;20;"RAS_021";0,55
5316;53;5;20;10;10;"RAS_021";0,55
5416;77;10;40;19;20;"RAS_021";0,55
5516;54;7;28;10;20;"RAS_021";0,55
5616;79;9;36;15;20;"RAS_021";0,55
5716;82;9;36;13;50;"RAS_021";0,55
5816;120;2;8;4;5;"RAS_021";0,55
5916;83;5;20;8;10;"RAS_021";0,55
6016;92;2;8;3;5;"RAS_021";0,55
6116;55;8;32;11;50;"RAS_021";0,55
6216;52;5;20;8;10;"RAS_021";0,55
6316;58;2;8;3;5;"RAS_021";0,55
6416;46;10;40;20;20;"RAS_021";0,55
6516;73;7;28;11;20;"RAS_021";0,55
6616;60;10;40;11;50;"RAS_021";0,55
6716;56;9;36;11;50;"RAS_021";0,55
6816;43;8;32;10;50;"RAS_021";0,55
6916;74;9;36;12;50;"RAS_021";0,55
7016;81;4;16;6;10;"RAS_021";0,55
7116;87;9;36;14;20;"RAS_021";0,55
7216;102;2;8;3;5;"RAS_021";0,55
7316;90;2;8;3;5;"RAS_021";0,55
7416;101;7;28;12;20;"RAS_021";0,55
7516;106;2;8;3;5;"RAS_021";0,55
7616;75;8;32;14;20;"RAS_021";0,55
7716;69;7;28;11;20;"RAS_021";0,55
7816;110;7;28;10;20;"RAS_021";0,55
7916;76;4;16;6;10;"RAS_021";0,55
8016;100;8;32;11;50;"RAS_021";0,55
8116;47;10;40;20;20;"RAS_021";0,55
8216;44;4;16;6;10;"RAS_021";0,55
8316;117;2;8;4;5;"RAS_021";0,55
8416;105;10;40;20;20;"RAS_021";0,55
8516;71;2;8;3;5;"RAS_021";0,55
8616;49;4;16;7;10;"RAS_021";0,55
8716;99;5;20;10;10;"RAS_021";0,55
8816;85;9;36;16;20;"RAS_021";0,55
8916;45;5;20;7;20;"RAS_021";0,55
9016;72;10;40;25;10;"RAS_021";0,55
9116;50;5;20;7;20;"RAS_021";0,55
9216;51;10;40;13;50;"RAS_021";0,55
9316;111;9;36;15;20;"RAS_021";0,55
9416;118;2;8;4;5;"RAS_021";0,55
9516;61;8;32;12;20;"RAS_021";0,55
9616;70;7;28;15;10;"RAS_021";0,55
9716;91;2;8;3;5;"RAS_021";0,55
9816;41;4;16;6;10;"RAS_021";0,55
9916;42;2;8;4;5;"RAS_021";0,55
10016;107;8;32;16;10;"RAS_021";0,55
10116;115;8;32;11;50;"RAS_021";0,55
10216;59;9;36;13;50;"RAS_021";0,55
10316;66;2;8;4;5;"RAS_021";0,55
10416;57;4;16;8;5;"RAS_021";0,55
10516;78;7;28;10;20;"RAS_021";0,55
10616;64;5;20;10;10;"RAS_021";0,55
10716;80;2;8;3;5;"RAS_021";0,55
10816;95;8;32;12;20;"RAS_021";0,55
10916;88;5;20;9;10;"RAS_021";0,55
11016;96;5;20;8;10;"RAS_021";0,55
11116;114;10;40;20;20;"RAS_021";0,55
11216;97;10;40;20;20;"RAS_021";0,55
11316;98;2;8;3;5;"RAS_021";0,55
11416;86;2;8;3;5;"RAS_021";0,55
11516;119;4;16;6;10;"RAS_021";0,55
11616;65;2;8;4;5;"RAS_021";0,55
11716;108;2;8;3;5;"RAS_021";0,55
11816;112;10;40;17;20;"RAS_021";0,55
11916;67;4;16;6;10;"RAS_021";0,55
12016;94;4;16;7;10;"RAS_021";0,55
4117;119;4;16;6;10;"RAS_022";0,52
4217;107;8;32;11;20;"RAS_022";0,52
4317;95;8;32;10;50;"RAS_022";0,52
4417;94;4;16;6;10;"RAS_022";0,52
4517;89;7;28;10;20;"RAS_022";0,52
4617;117;2;8;3;5;"RAS_022";0,52
4717;83;5;20;8;10;"RAS_022";0,52
4817;49;4;16;6;10;"RAS_022";0,52
4917;48;9;36;14;20;"RAS_022";0,52
5017;59;9;36;14;20;"RAS_022";0,52
5117;110;7;28;9;20;"RAS_022";0,52
5217;78;7;28;10;20;"RAS_022";0,52
5317;68;4;16;6;10;"RAS_022";0,52
5417;55;8;32;12;20;"RAS_022";0,52
5517;67;4;16;6;10;"RAS_022";0,52
5617;97;10;40;18;20;"RAS_022";0,52
5717;102;2;8;1;10;"RAS_022";0,52
5817;112;10;40;11;50;"RAS_022";0,52
5917;96;5;20;8;10;"RAS_022";0,52
6017;47;10;40;11;50;"RAS_022";0,52
6117;81;4;16;6;10;"RAS_022";0,52
6217;79;9;36;14;20;"RAS_022";0,52
6317;75;8;32;13;20;"RAS_022";0,52
6417;111;9;36;14;20;"RAS_022";0,52
6517;87;9;36;13;20;"RAS_022";0,52
6617;71;2;8;3;5;"RAS_022";0,52
6717;70;7;28;10;20;"RAS_022";0,52
6817;41;4;16;6;10;"RAS_022";0,52
6917;58;2;8;3;5;"RAS_022";0,52
7017;115;8;32;14;20;"RAS_022";0,52
7117;91;2;8;4;2;"RAS_022";0,52
7217;65;2;8;4;2;"RAS_022";0,52
7317;72;10;40;15;20;"RAS_022";0,52
7417;74;9;36;14;20;"RAS_022";0,52
7517;53;5;20;9;10;"RAS_022";0,52
7617;113;7;28;10;20;"RAS_022";0,52
7717;92;2;8;3;5;"RAS_022";0,52
7817;114;10;40;15;20;"RAS_022";0,52
7917;44;4;16;6;10;"RAS_022";0,52
8017;66;2;8;3;5;"RAS_022";0,52
8117;43;8;32;14;20;"RAS_022";0,52
8217;99;5;20;10;5;"RAS_022";0,52
8317;76;4;16;4;20;"RAS_022";0,52
8417;101;7;28;0;50;"RAS_022";0,52
8517;85;9;36;0;50;"RAS_022";0,52
8617;45;5;20;8;10;"RAS_022";0,52
8717;84;2;8;4;2;"RAS_022";0,52
8817;77;10;40;14;50;"RAS_022";0,52
8917;104;7;28;12;10;"RAS_022";0,52
9017;86;2;8;3;5;"RAS_022";0,52
9117;42;2;8;3;5;"RAS_022";0,52
9217;88;5;20;9;10;"RAS_022";0,52
9317;63;2;8;3;5;"RAS_022";0,52
9417;64;5;20;5;20;"RAS_022";0,52
9517;105;10;40;15;20;"RAS_022";0,52
9617;103;8;32;12;20;"RAS_022";0,52
9717;80;2;8;4;2;"RAS_022";0,52
9817;90;2;8;3;5;"RAS_022";0,52
9917;69;7;28;10;20;"RAS_022";0,52
10017;73;7;28;10;20;"RAS_022";0,52
10117;100;8;32;11;20;"RAS_022";0,52
10217;50;5;20;8;10;"RAS_022";0,52
10317;108;2;8;3;5;"RAS_022";0,52
10417;61;8;32;10;50;"RAS_022";0,52
10517;116;5;20;9;10;"RAS_022";0,52
10617;106;2;8;3;5;"RAS_022";0,52
10717;93;9;36;15;20;"RAS_022";0,52
10817;109;2;8;3;5;"RAS_022";0,52
10917;46;10;40;10;50;"RAS_022";0,52
11017;54;7;28;10;20;"RAS_022";0,52
11117;82;9;36;15;20;"RAS_022";0,52
11217;56;9;36;15;20;"RAS_022";0,52
11317;52;5;20;8;10;"RAS_022";0,52
11417;118;2;8;3;5;"RAS_022";0,52
11517;98;2;8;3;5;"RAS_022";0,52
11617;60;10;40;17;20;"RAS_022";0,52
11717;51;10;40;17;20;"RAS_022";0,52
11817;62;8;32;14;20;"RAS_022";0,52
11917;57;4;16;7;10;"RAS_022";0,52
12017;120;2;8;3;5;"RAS_022";0,52
4118;46;10;40;14;20;"RAS_023";0,44
4218;75;8;32;6;50;"RAS_023";0,44
4318;92;2;8;8;10;"RAS_023";0,44
4418;69;7;28;8;20;"RAS_023";0,44
4518;115;8;32;15;10;"RAS_023";0,44
4618;41;4;16;6;5;"RAS_023";0,44
4718;61;8;32;10;20;"RAS_023";0,44
4818;45;5;20;12;20;"RAS_023";0,44
4918;109;2;8;8;10;"RAS_023";0,44
5018;99;5;20;5;10;"RAS_023";0,44
5118;119;4;16;6;5;"RAS_023";0,44
5218;62;8;32;9;20;"RAS_023";0,44
5318;108;2;8;0;10;"RAS_023";0,44
5418;110;7;28;4;50;"RAS_023";0,44
5518;74;9;36;4;50;"RAS_023";0,44
5618;57;4;16;4;10;"RAS_023";0,44
5718;100;8;32;6;50;"RAS_023";0,44
5818;104;7;28;15;10;"RAS_023";0,44
5918;81;4;16;15;20;"RAS_023";0,44
6018;93;9;36;6;50;"RAS_023";0,44
6118;43;8;32;6;50;"RAS_023";0,44
6218;71;2;8;8;10;"RAS_023";0,44
6318;82;9;36;8;50;"RAS_023";0,44
6418;97;10;40;5;50;"RAS_023";0,44
6518;76;4;16;3;20;"RAS_023";0,44
6618;117;2;8;8;10;"RAS_023";0,44
6718;94;4;16;5;10;"RAS_023";0,44
6818;113;7;28;8;20;"RAS_023";0,44
6918;83;5;20;6;10;"RAS_023";0,44
7018;60;10;40;12;20;"RAS_023";0,44
7118;79;9;36;10;20;"RAS_023";0,44
7218;103;8;32;9;20;"RAS_023";0,44
7318;85;9;36;11;20;"RAS_023";0,44
7418;52;5;20;7;10;"RAS_023";0,44
7518;58;2;8;3;5;"RAS_023";0,44
7618;120;2;8;3;5;"RAS_023";0,44
7718;112;10;40;11;20;"RAS_023";0,44
7818;90;2;8;3;5;"RAS_023";0,44
7918;59;9;36;10;20;"RAS_023";0,44
8018;63;2;8;4;2;"RAS_023";0,44
8118;114;10;40;11;20;"RAS_023";0,44
8218;42;2;8;3;5;"RAS_023";0,44
8318;116;5;20;6;10;"RAS_023";0,44
8418;48;9;36;10;20;"RAS_023";0,44
8518;105;10;40;11;20;"RAS_023";0,44
8618;66;2;8;2;5;"RAS_023";0,44
8718;68;4;16;6;5;"RAS_023";0,44
8818;101;7;28;9;10;"RAS_023";0,44
8918;96;5;20;7;10;"RAS_023";0,44
9018;87;9;36;10;20;"RAS_023";0,44
9118;102;2;8;3;5;"RAS_023";0,44
9218;111;9;36;18;10;"RAS_023";0,44
9318;89;7;28;10;10;"RAS_023";0,44
9418;50;5;20;7;10;"RAS_023";0,44
9518;95;8;32;4;50;"RAS_023";0,44
9618;49;4;16;7;5;"RAS_023";0,44
9718;64;5;20;2;20;"RAS_023";0,44
9818;70;7;28;5;20;"RAS_023";0,44
9918;56;9;36;11;20;"RAS_023";0,44
10018;78;7;28;9;10;"RAS_023";0,44
10118;80;2;8;8;10;"RAS_023";0,44
10218;55;8;32;6;50;"RAS_023";0,44
10318;98;2;8;8;10;"RAS_023";0,44
10418;77;10;40;10;20;"RAS_023";0,44
10518;86;2;8;8;10;"RAS_023";0,44
10618;107;8;32;6;50;"RAS_023";0,44
10718;106;2;8;8;10;"RAS_023";0,44
10818;72;10;40;10;20;"RAS_023";0,44
10918;53;5;20;5;10;"RAS_023";0,44
11018;65;2;8;4;2;"RAS_023";0,44
11118;54;7;28;8;20;"RAS_023";0,44
11218;84;2;8;8;10;"RAS_023";0,44
11318;91;2;8;3;5;"RAS_023";0,44
11418;47;10;40;10;20;"RAS_023";0,44
11518;88;5;20;5;10;"RAS_023";0,44
11618;51;10;40;11;20;"RAS_023";0,44
11718;73;7;28;9;10;"RAS_023";0,44
11818;118;2;8;8;10;"RAS_023";0,44
11918;67;4;16;6;5;"RAS_023";0,44
12018;44;4;16;5;10;"RAS_023";0,44
4119;83;5;20;10;10;"RAS_024";0,54
4219;87;9;36;6;50;"RAS_024";0,54
4319;99;5;20;8;10;"RAS_024";0,54
4419;93;9;36;10;50;"RAS_024";0,54
4519;110;7;28;10;20;"RAS_024";0,54
4619;118;2;8;5;2;"RAS_024";0,54
4719;42;2;8;3;5;"RAS_024";0,54
4819;63;2;8;5;2;"RAS_024";0,54
4919;116;5;20;9;10;"RAS_024";0,54
5019;101;7;28;12;20;"RAS_024";0,54
5119;56;9;36;13;50;"RAS_024";0,54
5219;69;7;28;8;50;"RAS_024";0,54
5319;77;10;40;10;50;"RAS_024";0,54
5419;90;2;8;3;5;"RAS_024";0,54
5519;96;5;20;6;20;"RAS_024";0,54
5619;47;10;40;15;50;"RAS_024";0,54
5719;70;7;28;9;20;"RAS_024";0,54
5819;58;2;8;4;2;"RAS_024";0,54
5919;51;10;40;12;50;"RAS_024";0,54
6019;44;4;16;5;20;"RAS_024";0,54
6119;86;2;8;3;5;"RAS_024";0,54
6219;106;2;8;4;2;"RAS_024";0,54
6319;43;8;32;16;10;"RAS_024";0,54
6419;41;4;16;4;20;"RAS_024";0,54
6519;57;4;16;4;20;"RAS_024";0,54
6619;104;7;28;10;20;"RAS_024";0,54
6719;55;8;32;16;10;"RAS_024";0,54
6819;50;5;20;8;10;"RAS_024";0,54
6919;107;8;32;10;50;"RAS_024";0,54
7019;119;4;16;4;20;"RAS_024";0,54
7119;46;10;40;12;50;"RAS_024";0,54
7219;65;2;8;2;10;"RAS_024";0,54
7319;73;7;28;16;10;"RAS_024";0,54
7419;111;9;36;14;20;"RAS_024";0,54
7519;120;2;8;4;2;"RAS_024";0,54
7619;79;9;36;15;20;"RAS_024";0,54
7719;62;8;32;10;50;"RAS_024";0,54
7819;112;10;40;15;50;"RAS_024";0,54
7919;85;9;36;12;50;"RAS_024";0,54
8019;82;9;36;11;50;"RAS_024";0,54
8119;48;9;36;12;50;"RAS_024";0,54
8219;68;4;16;5;20;"RAS_024";0,54
8319;113;7;28;8;50;"RAS_024";0,54
8419;115;8;32;10;50;"RAS_024";0,54
8519;60;10;40;15;50;"RAS_024";0,54
8619;67;4;16;4;20;"RAS_024";0,54
8719;76;4;16;6;10;"RAS_024";0,54
8819;80;2;8;2;10;"RAS_024";0,54
8919;52;5;20;6;20;"RAS_024";0,54
9019;95;8;32;10;50;"RAS_024";0,54
9119;103;8;32;16;10;"RAS_024";0,54
9219;64;5;20;5;20;"RAS_024";0,54
9319;49;4;16;6;10;"RAS_024";0,54
9419;78;7;28;11;20;"RAS_024";0,54
9519;88;5;20;9;10;"RAS_024";0,54
9619;109;2;8;4;2;"RAS_024";0,54
9719;45;5;20;7;20;"RAS_024";0,54
9819;84;2;8;3;5;"RAS_024";0,54
9919;91;2;8;2;10;"RAS_024";0,54
10019;94;4;16;3;20;"RAS_024";0,54
10119;72;10;40;15;50;"RAS_024";0,54
10219;61;8;32;13;20;"RAS_024";0,54
10319;114;10;40;15;50;"RAS_024";0,54
10419;54;7;28;11;20;"RAS_024";0,54
10519;75;8;32;10;50;"RAS_024";0,54
10619;102;2;8;3;5;"RAS_024";0,54
10719;89;7;28;12;20;"RAS_024";0,54
10819;100;8;32;10;50;"RAS_024";0,54
10919;108;2;8;2;10;"RAS_024";0,54
11019;81;4;16;6;10;"RAS_024";0,54
11119;105;10;40;15;50;"RAS_024";0,54
11219;74;9;36;12;50;"RAS_024";0,54
11319;92;2;8;3;5;"RAS_024";0,54
11419;53;5;20;8;10;"RAS_024";0,54
11519;98;2;8;2;10;"RAS_024";0,54
11619;66;2;8;3;5;"RAS_024";0,54
11719;59;9;36;12;50;"RAS_024";0,54
11819;71;2;8;3;5;"RAS_024";0,54
11919;117;2;8;3;5;"RAS_024";0,54
12019;97;10;40;4;50;"RAS_024";0,54
4120;41;4;16;5;10;"RAS_025";0,51
4220;42;2;8;4;2;"RAS_025";0,51
4320;54;7;28;11;20;"RAS_025";0,51
4420;66;2;8;4;2;"RAS_025";0,51
4520;89;7;28;11;20;"RAS_025";0,51
4620;58;2;8;4;2;"RAS_025";0,51
4720;76;4;16;6;10;"RAS_025";0,51
4820;111;9;36;15;20;"RAS_025";0,51
4920;102;2;8;4;2;"RAS_025";0,51
5020;110;7;28;11;20;"RAS_025";0,51
5120;61;8;32;10;20;"RAS_025";0,51
5220;108;2;8;4;2;"RAS_025";0,51
5320;46;10;40;20;10;"RAS_025";0,51
5420;94;4;16;6;10;"RAS_025";0,51
5520;120;2;8;4;2;"RAS_025";0,51
5620;91;2;8;4;2;"RAS_025";0,51
5720;77;10;40;20;10;"RAS_025";0,51
5820;86;2;8;4;2;"RAS_025";0,51
5920;57;4;16;6;10;"RAS_025";0,51
6020;117;2;8;4;2;"RAS_025";0,51
6120;85;9;36;12;20;"RAS_025";0,51
6220;67;4;16;5;10;"RAS_025";0,51
6320;75;8;32;12;20;"RAS_025";0,51
6420;105;10;40;20;10;"RAS_025";0,51
6520;52;5;20;10;5;"RAS_025";0,51
6620;99;5;20;10;5;"RAS_025";0,51
6720;87;9;36;15;20;"RAS_025";0,51
6820;103;8;32;10;20;"RAS_025";0,51
6920;107;8;32;25;50;"RAS_025";0,51
7020;43;8;32;10;20;"RAS_025";0,51
7120;93;9;36;13;20;"RAS_025";0,51
7220;118;2;8;4;2;"RAS_025";0,51
7320;115;8;32;13;20;"RAS_025";0,51
7420;50;5;20;10;5;"RAS_025";0,51
7520;80;2;8;4;2;"RAS_025";0,51
7620;73;7;28;12;10;"RAS_025";0,51
7720;45;5;20;10;5;"RAS_025";0,51
7820;63;2;8;4;2;"RAS_025";0,51
7920;112;10;40;20;10;"RAS_025";0,51
8020;113;7;28;11;20;"RAS_025";0,51
8120;60;10;40;20;10;"RAS_025";0,51
8220;82;9;36;14;20;"RAS_025";0,51
8320;79;9;36;14;20;"RAS_025";0,51
8420;96;5;20;10;5;"RAS_025";0,51
8520;51;10;40;20;10;"RAS_025";0,51
8620;116;5;20;13;20;"RAS_025";0,51
8720;81;4;16;5;10;"RAS_025";0,51
8820;78;7;28;10;20;"RAS_025";0,51
8920;84;2;8;4;2;"RAS_025";0,51
9020;88;5;20;10;5;"RAS_025";0,51
9120;55;8;32;12;20;"RAS_025";0,51
9220;71;2;8;4;2;"RAS_025";0,51
9320;74;9;36;14;20;"RAS_025";0,51
9420;97;10;40;20;10;"RAS_025";0,51
9520;95;8;32;10;20;"RAS_025";0,51
9620;90;2;8;4;2;"RAS_025";0,51
9720;106;2;8;4;2;"RAS_025";0,51
9820;49;4;16;6;10;"RAS_025";0,51
9920;119;4;16;4;20;"RAS_025";0,51
10020;100;8;32;13;20;"RAS_025";0,51
10120;83;5;20;10;5;"RAS_025";0,51
10220;62;8;32;12;20;"RAS_025";0,51
10320;53;5;20;10;5;"RAS_025";0,51
10420;98;2;8;4;2;"RAS_025";0,51
10520;109;2;8;4;2;"RAS_025";0,51
10620;56;9;36;14;20;"RAS_025";0,51
10720;44;4;16;6;10;"RAS_025";0,51
10820;92;2;8;4;2;"RAS_025";0,51
10920;70;7;28;7;50;"RAS_025";0,51
11020;101;7;28;11;20;"RAS_025";0,51
11120;59;9;36;15;20;"RAS_025";0,51
11220;104;7;28;11;20;"RAS_025";0,51
11320;48;9;36;13;20;"RAS_025";0,51
11420;65;2;8;4;2;"RAS_025";0,51
11520;68;4;16;7;5;"RAS_025";0,51
11620;114;10;40;21;10;"RAS_025";0,51
11720;72;10;40;20;10;"RAS_025";0,51
11820;64;5;20;10;5;"RAS_025";0,51
11920;47;10;40;20;10;"RAS_025";0,51
12020;69;7;28;9;20;"RAS_025";0,51
4121;118;2;8;3;10;"RAS_026";0,63
4221;108;2;8;3;10;"RAS_026";0,63
4321;48;9;36;17;50;"RAS_026";0,63
4421;104;7;28;14;20;"RAS_026";0,63
4521;90;2;8;3;10;"RAS_026";0,63
4621;100;8;32;16;20;"RAS_026";0,63
4721;42;2;8;3;10;"RAS_026";0,63
4821;53;5;20;11;10;"RAS_026";0,63
4921;107;8;32;15;50;"RAS_026";0,63
5021;84;2;8;3;10;"RAS_026";0,63
5121;92;2;8;3;10;"RAS_026";0,63
5221;86;2;8;3;10;"RAS_026";0,63
5321;93;9;36;19;20;"RAS_026";0,63
5421;43;8;32;16;20;"RAS_026";0,63
5521;111;9;36;19;20;"RAS_026";0,63
5621;65;2;8;3;10;"RAS_026";0,63
5721;74;9;36;19;20;"RAS_026";0,63
5821;69;7;28;13;20;"RAS_026";0,63
5921;67;4;16;8;10;"RAS_026";0,63
6021;94;4;16;7;20;"RAS_026";0,63
6121;114;10;40;23;20;"RAS_026";0,63
6221;116;5;20;10;20;"RAS_026";0,63
6321;112;10;40;20;50;"RAS_026";0,63
6421;51;10;40;20;50;"RAS_026";0,63
6521;61;8;32;15;50;"RAS_026";0,63
6621;63;2;8;3;10;"RAS_026";0,63
6721;57;4;16;7;20;"RAS_026";0,63
6821;109;2;8;3;10;"RAS_026";0,63
6921;45;5;20;11;10;"RAS_026";0,63
7021;81;4;16;7;20;"RAS_026";0,63
7121;44;4;16;7;20;"RAS_026";0,63
7221;79;9;36;18;20;"RAS_026";0,63
7321;102;2;8;3;10;"RAS_026";0,63
7421;96;5;20;11;10;"RAS_026";0,63
7521;58;2;8;3;10;"RAS_026";0,63
7621;85;9;36;17;50;"RAS_026";0,63
7721;52;5;20;11;10;"RAS_026";0,63
7821;46;10;40;22;20;"RAS_026";0,63
7921;88;5;20;11;10;"RAS_026";0,63
8021;60;10;40;22;20;"RAS_026";0,63
8121;41;4;16;8;10;"RAS_026";0,63
8221;56;9;36;18;20;"RAS_026";0,63
8321;54;7;28;12;50;"RAS_026";0,63
8421;99;5;20;10;20;"RAS_026";0,63
8521;64;5;20;10;20;"RAS_026";0,63
8621;76;4;16;7;20;"RAS_026";0,63
8721;89;7;28;12;50;"RAS_026";0,63
8821;59;9;36;18;20;"RAS_026";0,63
8921;47;10;40;22;20;"RAS_026";0,63
9021;71;2;8;3;10;"RAS_026";0,63
9121;98;2;8;3;10;"RAS_026";0,63
9221;75;8;32;15;50;"RAS_026";0,63
9321;106;2;8;3;10;"RAS_026";0,63
9421;103;8;32;15;50;"RAS_026";0,63
9521;120;2;8;3;10;"RAS_026";0,63
9621;70;7;28;12;50;"RAS_026";0,63
9721;82;9;36;18;20;"RAS_026";0,63
9821;62;8;32;15;50;"RAS_026";0,63
9921;97;10;40;22;20;"RAS_026";0,63
10021;50;5;20;11;10;"RAS_026";0,63
10121;66;2;8;4;5;"RAS_026";0,63
10221;77;10;40;21;20;"RAS_026";0,63
10321;95;8;32;15;50;"RAS_026";0,63
10421;91;2;8;3;10;"RAS_026";0,63
10521;87;9;36;18;20;"RAS_026";0,63
10621;83;5;20;10;20;"RAS_026";0,63
10721;117;2;8;3;10;"RAS_026";0,63
10821;101;7;28;12;50;"RAS_026";0,63
10921;68;4;16;7;20;"RAS_026";0,63
11021;110;7;28;12;50;"RAS_026";0,63
11121;78;7;28;12;50;"RAS_026";0,63
11221;49;4;16;7;20;"RAS_026";0,63
11321;105;10;40;21;20;"RAS_026";0,63
11421;73;7;28;12;50;"RAS_026";0,63
11521;72;10;40;21;20;"RAS_026";0,63
11621;80;2;8;3;10;"RAS_026";0,63
11721;115;8;32;15;50;"RAS_026";0,63
11821;55;8;32;15;50;"RAS_026";0,63
11921;119;4;16;8;10;"RAS_026";0,63
12021;113;7;28;12;50;"RAS_026";0,63
4122;112;10;40;5;10;"RAS_027";0,
4222;79;9;36;1;10;"RAS_027";0,
4322;59;9;36;1;10;"RAS_027";0,
4422;49;4;16;2;5;"RAS_027";0,
4522;92;2;8;2;10;"RAS_027";0,
4622;93;9;36;1;10;"RAS_027";0,
4722;65;2;8;3;10;"RAS_027";0,
4822;41;4;16;2;5;"RAS_027";0,
4922;117;2;8;3;10;"RAS_027";0,
5022;64;5;20;5;20;"RAS_027";0,
5122;118;2;8;2;2;"RAS_027";0,
5222;62;8;32;0;10;"RAS_027";0,
5322;113;7;28;3;10;"RAS_027";0,
5422;101;7;28;3;10;"RAS_027";0,
5522;73;7;28;3;10;"RAS_027";0,
5622;51;10;40;0;10;"RAS_027";0,
5722;95;8;32;2;10;"RAS_027";0,
5822;120;2;8;2;2;"RAS_027";0,
5922;71;2;8;2;10;"RAS_027";0,
6022;52;5;20;5;5;"RAS_027";0,
6122;80;2;8;0;2;"RAS_027";0,
6222;94;4;16;1;5;"RAS_027";0,
6322;70;7;28;3;10;"RAS_027";0,
6422;56;9;36;1;10;"RAS_027";0,
6522;66;2;8;2;10;"RAS_027";0,
6622;96;5;20;5;20;"RAS_027";0,
6722;60;10;40;0;10;"RAS_027";0,
6822;90;2;8;0;2;"RAS_027";0,
6922;88;5;20;3;5;"RAS_027";0,
7022;63;2;8;2;2;"RAS_027";0,
7122;82;9;36;1;10;"RAS_027";0,
7222;109;2;8;2;5;"RAS_027";0,
7322;110;7;28;0;10;"RAS_027";0,
7422;85;9;36;1;10;"RAS_027";0,
7522;45;5;20;5;5;"RAS_027";0,
7622;98;2;8;1;2;"RAS_027";0,
7722;99;5;20;5;10;"RAS_027";0,
7822;67;4;16;1;5;"RAS_027";0,
7922;111;9;36;1;10;"RAS_027";0,
8022;58;2;8;0;2;"RAS_027";0,
8122;55;8;32;2;10;"RAS_027";0,
8222;78;7;28;3;10;"RAS_027";0,
8322;75;8;32;0;10;"RAS_027";0,
8422;47;10;40;0;10;"RAS_027";0,
8522;115;8;32;2;10;"RAS_027";0,
8622;76;4;16;1;5;"RAS_027";0,
8722;102;2;8;0;2;"RAS_027";0,
8822;100;8;32;2;10;"RAS_027";0,
8922;119;4;16;1;5;"RAS_027";0,
9022;69;7;28;0;10;"RAS_027";0,
9122;81;4;16;1;5;"RAS_027";0,
9222;114;10;40;0;10;"RAS_027";0,
9322;74;9;36;1;10;"RAS_027";0,
9422;91;2;8;0;2;"RAS_027";0,
9522;86;2;8;0;2;"RAS_027";0,
9622;97;10;40;0;10;"RAS_027";0,
9722;61;8;32;0;10;"RAS_027";0,
9822;72;10;40;0;10;"RAS_027";0,
9922;116;5;20;5;5;"RAS_027";0,
10022;105;10;40;0;10;"RAS_027";0,
10122;44;4;16;1;5;"RAS_027";0,
10222;46;10;40;1;10;"RAS_027";0,
10322;103;8;32;0;10;"RAS_027";0,
10422;108;2;8;1;2;"RAS_027";0,
10522;43;8;32;0;10;"RAS_027";0,
10622;53;5;20;3;5;"RAS_027";0,
10722;84;2;8;1;2;"RAS_027";0,
10822;77;10;40;1;10;"RAS_027";0,
10922;89;7;28;0;10;"RAS_027";0,
11022;48;9;36;1;10;"RAS_027";0,
11122;68;4;16;0;5;"RAS_027";0,
11222;83;5;20;2;5;"RAS_027";0,
11322;107;8;32;2;10;"RAS_027";0,
11422;42;2;8;1;2;"RAS_027";0,
11522;54;7;28;3;10;"RAS_027";0,
11622;50;5;20;5;5;"RAS_027";0,
11722;104;7;28;3;10;"RAS_027";0,
11822;87;9;36;1;10;"RAS_027";0,
11922;57;4;16;4;10;"RAS_027";0,
12022;106;2;8;0;2;"RAS_027";0,
4123;81;4;16;6;5;"RAS_028";0,27
4223;88;5;20;4;10;"RAS_028";0,27
4323;74;9;36;8;10;"RAS_028";0,27
4423;101;7;28;14;50;"RAS_028";0,27
4523;89;7;28;14;50;"RAS_028";0,27
4623;120;2;8;2;2;"RAS_028";0,27
4723;99;5;20;5;5;"RAS_028";0,27
4823;57;4;16;4;5;"RAS_028";0,27
4923;72;10;40;14;10;"RAS_028";0,27
5023;44;4;16;4;5;"RAS_028";0,27
5123;76;4;16;6;5;"RAS_028";0,27
5223;77;10;40;10;10;"RAS_028";0,27
5323;95;8;32;8;10;"RAS_028";0,27
5423;86;2;8;2;2;"RAS_028";0,27
5523;70;7;28;8;10;"RAS_028";0,27
5623;56;9;36;12;10;"RAS_028";0,27
5723;63;2;8;2;2;"RAS_028";0,27
5823;106;2;8;4;10;"RAS_028";0,27
5923;111;9;36;15;10;"RAS_028";0,27
6023;69;7;28;10;10;"RAS_028";0,27
6123;47;10;40;15;10;"RAS_028";0,27
6223;50;5;20;7;5;"RAS_028";0,27
6323;71;2;8;3;2;"RAS_028";0,27
6423;61;8;32;12;10;"RAS_028";0,27
6523;64;5;20;10;20;"RAS_028";0,27
6623;94;4;16;6;5;"RAS_028";0,27
6723;117;2;8;4;10;"RAS_028";0,27
6823;80;2;8;4;10;"RAS_028";0,27
6923;43;8;32;12;10;"RAS_028";0,27
7023;45;5;20;10;20;"RAS_028";0,27
7123;49;4;16;6;5;"RAS_028";0,27
7223;100;8;32;8;10;"RAS_028";0,27
7323;85;9;36;12;10;"RAS_028";0,27
7423;41;4;16;8;20;"RAS_028";0,27
7523;58;2;8;3;2;"RAS_028";0,27
7623;65;2;8;3;2;"RAS_028";0,27
7723;82;9;36;12;10;"RAS_028";0,27
7823;55;8;32;8;10;"RAS_028";0,27
7923;60;10;40;12;10;"RAS_028";0,27
8023;102;2;8;3;2;"RAS_028";0,27
8123;62;8;32;8;10;"RAS_028";0,27
8223;78;7;28;6;10;"RAS_028";0,27
8323;73;7;28;7;10;"RAS_028";0,27
8423;110;7;28;8;10;"RAS_028";0,27
8523;109;2;8;3;2;"RAS_028";0,27
8623;93;9;36;12;10;"RAS_028";0,27
8723;46;10;40;16;10;"RAS_028";0,27
8823;92;2;8;3;2;"RAS_028";0,27
8923;112;10;40;18;10;"RAS_028";0,27
9023;114;10;40;18;10;"RAS_028";0,27
9123;97;10;40;18;10;"RAS_028";0,27
9223;48;9;36;19;50;"RAS_028";0,27
9323;84;2;8;3;2;"RAS_028";0,27
9423;98;2;8;3;2;"RAS_028";0,27
9523;67;4;16;6;5;"RAS_028";0,27
9623;59;9;36;12;10;"RAS_028";0,27
9723;83;5;20;7;5;"RAS_028";0,27
9823;87;9;36;13;10;"RAS_028";0,27
9923;79;9;36;12;10;"RAS_028";0,27
10023;113;7;28;12;10;"RAS_028";0,27
10123;75;8;32;12;10;"RAS_028";0,27
10223;66;2;8;3;2;"RAS_028";0,27
10323;91;2;8;3;2;"RAS_028";0,27
10423;103;8;32;11;10;"RAS_028";0,27
10523;116;5;20;8;5;"RAS_028";0,27
10623;118;2;8;3;2;"RAS_028";0,27
10723;51;10;40;12;10;"RAS_028";0,27
10823;119;4;16;6;5;"RAS_028";0,27
10923;107;8;32;12;10;"RAS_028";0,27
11023;104;7;28;11;10;"RAS_028";0,27
11123;42;2;8;3;2;"RAS_028";0,27
11223;54;7;28;11;10;"RAS_028";0,27
11323;96;5;20;10;20;"RAS_028";0,27
11423;68;4;16;8;20;"RAS_028";0,27
11523;52;5;20;10;20;"RAS_028";0,27
11623;105;10;40;20;50;"RAS_028";0,27
11723;53;5;20;7;5;"RAS_028";0,27
11823;90;2;8;4;10;"RAS_028";0,27
11923;115;8;32;20;50;"RAS_028";0,27
12023;108;2;8;3;2;"RAS_028";0,27
4124;52;5;20;4;20;"RAS_029";0,51
4224;86;2;8;3;5;"RAS_029";0,51
4324;97;10;40;10;50;"RAS_029";0,51
4424;106;2;8;0;10;"RAS_029";0,51
4524;59;9;36;10;50;"RAS_029";0,51
4624;107;8;32;8;50;"RAS_029";0,51
4724;72;10;40;10;50;"RAS_029";0,51
4824;84;2;8;2;10;"RAS_029";0,51
4924;79;9;36;4;50;"RAS_029";0,51
5024;120;2;8;2;10;"RAS_029";0,51
5124;99;5;20;5;20;"RAS_029";0,51
5224;53;5;20;5;20;"RAS_029";0,51
5324;58;2;8;1;10;"RAS_029";0,51
5424;103;8;32;2;50;"RAS_029";0,51
5524;47;10;40;5;50;"RAS_029";0,51
5624;43;8;32;7;50;"RAS_029";0,51
5724;70;7;28;4;50;"RAS_029";0,51
5824;95;8;32;2;50;"RAS_029";0,51
5924;66;2;8;2;10;"RAS_029";0,51
6024;113;7;28;6;50;"RAS_029";0,51
6124;41;4;16;2;20;"RAS_029";0,51
6224;61;8;32;7;50;"RAS_029";0,51
6324;100;8;32;7;50;"RAS_029";0,51
6424;73;7;28;9;20;"RAS_029";0,51
6524;74;9;36;9;50;"RAS_029";0,51
6624;105;10;40;15;20;"RAS_029";0,51
6724;42;2;8;2;10;"RAS_029";0,51
6824;116;5;20;5;20;"RAS_029";0,51
6924;45;5;20;5;20;"RAS_029";0,51
7024;54;7;28;6;50;"RAS_029";0,51
7124;51;10;40;10;50;"RAS_029";0,51
7224;110;7;28;7;50;"RAS_029";0,51
7324;81;4;16;6;10;"RAS_029";0,51
7424;68;4;16;5;10;"RAS_029";0,51
7524;115;8;32;9;50;"RAS_029";0,51
7624;71;2;8;2;10;"RAS_029";0,51
7724;87;9;36;4;50;"RAS_029";0,51
7824;57;4;16;4;20;"RAS_029";0,51
7924;85;9;36;8;50;"RAS_029";0,51
8024;90;2;8;2;10;"RAS_029";0,51
8124;44;4;16;3;20;"RAS_029";0,51
8224;78;7;28;5;50;"RAS_029";0,51
8324;65;2;8;3;5;"RAS_029";0,51
8424;82;9;36;10;50;"RAS_029";0,51
8524;104;7;28;8;20;"RAS_029";0,51
8624;88;5;20;5;20;"RAS_029";0,51
8724;102;2;8;2;10;"RAS_029";0,51
8824;48;9;36;7;50;"RAS_029";0,51
8924;76;4;16;7;5;"RAS_029";0,51
9024;92;2;8;1;10;"RAS_029";0,51
9124;83;5;20;4;20;"RAS_029";0,51
9224;69;7;28;8;20;"RAS_029";0,51
9324;119;4;16;6;10;"RAS_029";0,51
9424;117;2;8;3;5;"RAS_029";0,51
9524;118;2;8;1;10;"RAS_029";0,51
9624;50;5;20;4;20;"RAS_029";0,51
9724;91;2;8;3;5;"RAS_029";0,51
9824;94;4;16;2;20;"RAS_029";0,51
9924;98;2;8;3;5;"RAS_029";0,51
10024;112;10;40;10;50;"RAS_029";0,51
10124;89;7;28;8;20;"RAS_029";0,51
10224;46;10;40;10;50;"RAS_029";0,51
10324;62;8;32;12;20;"RAS_029";0,51
10424;111;9;36;10;50;"RAS_029";0,51
10524;96;5;20;7;10;"RAS_029";0,51
10624;49;4;16;5;10;"RAS_029";0,51
10724;101;7;28;8;20;"RAS_029";0,51
10824;109;2;8;3;5;"RAS_029";0,51
10924;93;9;36;9;50;"RAS_029";0,51
11024;67;4;16;6;10;"RAS_029";0,51
11124;77;10;40;10;50;"RAS_029";0,51
11224;55;8;32;8;50;"RAS_029";0,51
11324;56;9;36;13;20;"RAS_029";0,51
11424;114;10;40;10;50;"RAS_029";0,51
11524;108;2;8;3;5;"RAS_029";0,51
11624;64;5;20;7;10;"RAS_029";0,51
11724;80;2;8;3;5;"RAS_029";0,51
11824;60;10;40;10;50;"RAS_029";0,51
11924;63;2;8;3;5;"RAS_029";0,51
12024;75;8;32;8;50;"RAS_029";0,51
4125;76;4;16;5;20;"RAS_030";0,55
4225;107;8;32;16;10;"RAS_030";0,55
4325;51;10;40;14;50;"RAS_030";0,55
4425;55;8;32;14;20;"RAS_030";0,55
4525;102;2;8;4;5;"RAS_030";0,55
4625;79;9;36;12;50;"RAS_030";0,55
4725;75;8;32;16;10;"RAS_030";0,55
4825;57;4;16;6;10;"RAS_030";0,55
4925;65;2;8;4;5;"RAS_030";0,55
5025;96;5;20;10;10;"RAS_030";0,55
5125;112;10;40;23;10;"RAS_030";0,55
5225;113;7;28;8;50;"RAS_030";0,55
5325;115;8;32;16;10;"RAS_030";0,55
5425;100;8;32;14;20;"RAS_030";0,55
5525;52;5;20;9;10;"RAS_030";0,55
5625;64;5;20;7;20;"RAS_030";0,55
5725;42;2;8;3;5;"RAS_030";0,55
5825;97;10;40;12;50;"RAS_030";0,55
5925;106;2;8;5;2;"RAS_030";0,55
6025;62;8;32;16;10;"RAS_030";0,55
6125;80;2;8;3;5;"RAS_030";0,55
6225;72;10;40;17;20;"RAS_030";0,55
6325;116;5;20;10;10;"RAS_030";0,55
6425;99;5;20;8;10;"RAS_030";0,55
6525;110;7;28;17;10;"RAS_030";0,55
6625;92;2;8;3;5;"RAS_030";0,55
6725;83;5;20;10;10;"RAS_030";0,55
6825;45;5;20;10;10;"RAS_030";0,55
6925;118;2;8;2;10;"RAS_030";0,55
7025;81;4;16;7;10;"RAS_030";0,55
7125;66;2;8;3;5;"RAS_030";0,55
7225;49;4;16;7;10;"RAS_030";0,55
7325;61;8;32;11;50;"RAS_030";0,55
7425;95;8;32;13;20;"RAS_030";0,55
7525;70;7;28;12;20;"RAS_030";0,55
7625;109;2;8;3;5;"RAS_030";0,55
7725;53;5;20;7;20;"RAS_030";0,55
7825;60;10;40;15;50;"RAS_030";0,55
7925;69;7;28;11;20;"RAS_030";0,55
8025;58;2;8;2;10;"RAS_030";0,55
8125;50;5;20;5;20;"RAS_030";0,55
8225;89;7;28;12;20;"RAS_030";0,55
8325;119;4;16;8;5;"RAS_030";0,55
8425;90;2;8;2;10;"RAS_030";0,55
8525;101;7;28;12;20;"RAS_030";0,55
8625;68;4;16;6;10;"RAS_030";0,55
8725;77;10;40;19;20;"RAS_030";0,55
8825;114;10;40;16;20;"RAS_030";0,55
8925;54;7;28;13;10;"RAS_030";0,55
9025;108;2;8;2;10;"RAS_030";0,55
9125;46;10;40;20;20;"RAS_030";0,55
9225;84;2;8;3;5;"RAS_030";0,55
9325;105;10;40;12;50;"RAS_030";0,55
9425;88;5;20;5;20;"RAS_030";0,55
9525;82;9;36;10;50;"RAS_030";0,55
9625;104;7;28;12;20;"RAS_030";0,55
9725;120;2;8;2;10;"RAS_030";0,55
9825;56;9;36;16;20;"RAS_030";0,55
9925;78;7;28;13;10;"RAS_030";0,55
10025;59;9;36;17;20;"RAS_030";0,55
10125;67;4;16;5;20;"RAS_030";0,55
10225;103;8;32;7;50;"RAS_030";0,55
10325;44;4;16;6;10;"RAS_030";0,55
10425;47;10;40;15;50;"RAS_030";0,55
10525;74;9;36;16;20;"RAS_030";0,55
10625;63;2;8;5;2;"RAS_030";0,55
10725;48;9;36;11;50;"RAS_030";0,55
10825;117;2;8;2;10;"RAS_030";0,55
10925;86;2;8;3;5;"RAS_030";0,55
11025;41;4;16;5;20;"RAS_030";0,55
11125;85;9;36;14;20;"RAS_030";0,55
11225;87;9;36;17;20;"RAS_030";0,55
11325;93;9;36;15;20;"RAS_030";0,55
11425;71;2;8;2;10;"RAS_030";0,55
11525;43;8;32;14;20;"RAS_030";0,55
11625;91;2;8;2;10;"RAS_030";0,55
11725;94;4;16;7;10;"RAS_030";0,55
11825;111;9;36;10;50;"RAS_030";0,55
11925;98;2;8;2;10;"RAS_030";0,55
12025;73;7;28;6;50;"RAS_030";0,55
4126;101;7;28;14;10;"RAS_031";0,59
4226;50;5;20;2;20;"RAS_031";0,59
4326;49;4;16;5;20;"RAS_031";0,59
4426;86;2;8;1;10;"RAS_031";0,59
4526;107;8;32;12;50;"RAS_031";0,59
4626;111;9;36;15;50;"RAS_031";0,59
4726;75;8;32;16;20;"RAS_031";0,59
4826;83;5;20;10;10;"RAS_031";0,59
4926;41;4;16;5;20;"RAS_031";0,59
5026;91;2;8;2;10;"RAS_031";0,59
5126;48;9;36;13;50;"RAS_031";0,59
5226;82;9;36;19;20;"RAS_031";0,59
5326;104;7;28;8;50;"RAS_031";0,59
5426;70;7;28;10;50;"RAS_031";0,59
5526;69;7;28;0;50;"RAS_031";0,59
5626;106;2;8;1;10;"RAS_031";0,59
5726;58;2;8;1;10;"RAS_031";0,59
5826;84;2;8;1;10;"RAS_031";0,59
5926;45;5;20;9;10;"RAS_031";0,59
6026;99;5;20;9;10;"RAS_031";0,59
6126;100;8;32;10;50;"RAS_031";0,59
6226;114;10;40;17;50;"RAS_031";0,59
6326;68;4;16;6;20;"RAS_031";0,59
6426;73;7;28;10;50;"RAS_031";0,59
6526;63;2;8;1;10;"RAS_031";0,59
6626;109;2;8;1;10;"RAS_031";0,59
6726;78;7;28;12;20;"RAS_031";0,59
6826;119;4;16;7;10;"RAS_031";0,59
6926;59;9;36;15;50;"RAS_031";0,59
7026;71;2;8;1;10;"RAS_031";0,59
7126;81;4;16;7;10;"RAS_031";0,59
7226;87;9;36;15;50;"RAS_031";0,59
7326;76;4;16;6;20;"RAS_031";0,59
7426;108;2;8;1;10;"RAS_031";0,59
7526;112;10;40;15;50;"RAS_031";0,59
7626;56;9;36;15;50;"RAS_031";0,59
7726;120;2;8;1;10;"RAS_031";0,59
7826;90;2;8;1;10;"RAS_031";0,59
7926;117;2;8;1;10;"RAS_031";0,59
8026;85;9;36;21;10;"RAS_031";0,59
8126;110;7;28;13;20;"RAS_031";0,59
8226;103;8;32;10;50;"RAS_031";0,59
8326;94;4;16;6;20;"RAS_031";0,59
8426;80;2;8;1;10;"RAS_031";0,59
8526;46;10;40;15;50;"RAS_031";0,59
8626;113;7;28;13;20;"RAS_031";0,59
8726;93;9;36;15;50;"RAS_031";0,59
8826;77;10;40;14;50;"RAS_031";0,59
8926;72;10;40;10;50;"RAS_031";0,59
9026;57;4;16;7;10;"RAS_031";0,59
9126;44;4;16;7;10;"RAS_031";0,59
9226;89;7;28;13;20;"RAS_031";0,59
9326;52;5;20;8;20;"RAS_031";0,59
9426;98;2;8;1;10;"RAS_031";0,59
9526;42;2;8;1;10;"RAS_031";0,59
9626;96;5;20;9;10;"RAS_031";0,59
9726;116;5;20;8;20;"RAS_031";0,59
9826;47;10;40;19;20;"RAS_031";0,59
9926;51;10;40;19;20;"RAS_031";0,59
10026;115;8;32;13;50;"RAS_031";0,59
10126;64;5;20;8;20;"RAS_031";0,59
10226;88;5;20;8;20;"RAS_031";0,59
10326;105;10;40;15;50;"RAS_031";0,59
10426;66;2;8;1;10;"RAS_031";0,59
10526;53;5;20;8;20;"RAS_031";0,59
10626;62;8;32;15;20;"RAS_031";0,59
10726;79;9;36;15;50;"RAS_031";0,59
10826;65;2;8;1;10;"RAS_031";0,59
10926;92;2;8;1;10;"RAS_031";0,59
11026;43;8;32;15;20;"RAS_031";0,59
11126;67;4;16;7;10;"RAS_031";0,59
11226;102;2;8;1;10;"RAS_031";0,59
11326;118;2;8;1;10;"RAS_031";0,59
11426;74;9;36;15;50;"RAS_031";0,59
11526;54;7;28;10;50;"RAS_031";0,59
11626;55;8;32;14;20;"RAS_031";0,59
11726;97;10;40;15;50;"RAS_031";0,59
11826;95;8;32;11;50;"RAS_031";0,59
11926;60;10;40;19;20;"RAS_031";0,59
12026;61;8;32;14;20;"RAS_031";0,59
4127;49;4;16;8;10;"RAS_032";0,59
4227;52;5;20;10;10;"RAS_032";0,59
4327;120;2;8;4;5;"RAS_032";0,59
4427;70;7;28;14;10;"RAS_032";0,59
4527;57;4;16;8;10;"RAS_032";0,59
4627;114;10;40;20;20;"RAS_032";0,59
4727;67;4;16;8;10;"RAS_032";0,59
4827;60;10;40;20;20;"RAS_032";0,59
4927;90;2;8;4;5;"RAS_032";0,59
5027;118;2;8;4;5;"RAS_032";0,59
5127;55;8;32;16;20;"RAS_032";0,59
5227;92;2;8;4;5;"RAS_032";0,59
5327;48;9;36;18;20;"RAS_032";0,59
5427;76;4;16;8;10;"RAS_032";0,59
5527;82;9;36;18;20;"RAS_032";0,59
5627;110;7;28;14;10;"RAS_032";0,59
5727;85;9;36;18;20;"RAS_032";0,59
5827;111;9;36;18;20;"RAS_032";0,59
5927;91;2;8;4;5;"RAS_032";0,59
6027;83;5;20;10;10;"RAS_032";0,59
6127;97;10;40;20;20;"RAS_032";0,59
6227;72;10;40;20;20;"RAS_032";0,59
6327;74;9;36;18;20;"RAS_032";0,59
6427;86;2;8;4;5;"RAS_032";0,59
6527;106;2;8;4;5;"RAS_032";0,59
6627;63;2;8;4;5;"RAS_032";0,59
6727;61;8;32;16;20;"RAS_032";0,59
6827;62;8;32;16;20;"RAS_032";0,59
6927;100;8;32;16;20;"RAS_032";0,59
7027;96;5;20;10;10;"RAS_032";0,59
7127;105;10;40;22;20;"RAS_032";0,59
7227;112;10;40;20;20;"RAS_032";0,59
7327;78;7;28;14;10;"RAS_032";0,59
7427;43;8;32;16;20;"RAS_032";0,59
7527;77;10;40;20;20;"RAS_032";0,59
7627;88;5;20;10;10;"RAS_032";0,59
7727;104;7;28;14;10;"RAS_032";0,59
7827;93;9;36;18;20;"RAS_032";0,59
7927;84;2;8;4;5;"RAS_032";0,59
8027;42;2;8;4;5;"RAS_032";0,59
8127;87;9;36;18;20;"RAS_032";0,59
8227;58;2;8;4;5;"RAS_032";0,59
8327;108;2;8;4;5;"RAS_032";0,59
8427;45;5;20;10;10;"RAS_032";0,59
8527;107;8;32;16;20;"RAS_032";0,59
8627;51;10;40;20;20;"RAS_032";0,59
8727;81;4;16;8;10;"RAS_032";0,59
8827;44;4;16;8;10;"RAS_032";0,59
8927;59;9;36;18;20;"RAS_032";0,59
9027;47;10;40;20;20;"RAS_032";0,59
9127;41;4;16;8;10;"RAS_032";0,59
9227;79;9;36;18;20;"RAS_032";0,59
9327;116;5;20;10;10;"RAS_032";0,59
9427;102;2;8;4;5;"RAS_032";0,59
9527;71;2;8;4;5;"RAS_032";0,59
9627;50;5;20;10;10;"RAS_032";0,59
9727;46;10;40;20;20;"RAS_032";0,59
9827;119;4;16;8;10;"RAS_032";0,59
9927;98;2;8;4;5;"RAS_032";0,59
10027;53;5;20;10;10;"RAS_032";0,59
10127;56;9;36;18;20;"RAS_032";0,59
10227;115;8;32;18;10;"RAS_032";0,59
10327;99;5;20;10;10;"RAS_032";0,59
10427;54;7;28;14;10;"RAS_032";0,59
10527;73;7;28;14;10;"RAS_032";0,59
10627;80;2;8;4;5;"RAS_032";0,59
10727;117;2;8;4;5;"RAS_032";0,59
10827;64;5;20;10;10;"RAS_032";0,59
10927;89;7;28;14;10;"RAS_032";0,59
11027;69;7;28;14;10;"RAS_032";0,59
11127;113;7;28;16;10;"RAS_032";0,59
11227;94;4;16;8;10;"RAS_032";0,59
11327;103;8;32;16;20;"RAS_032";0,59
11427;75;8;32;16;20;"RAS_032";0,59
11527;66;2;8;4;5;"RAS_032";0,59
11627;101;7;28;14;10;"RAS_032";0,59
11727;95;8;32;16;20;"RAS_032";0,59
11827;68;4;16;8;10;"RAS_032";0,59
11927;109;2;8;4;5;"RAS_032";0,59
12027;65;2;8;4;5;"RAS_032";0,59
4128;50;5;20;10;10;"RAS_033";0,58
4228;67;4;16;5;20;"RAS_033";0,58
4328;47;10;40;20;20;"RAS_033";0,58
4428;57;4;16;4;20;"RAS_033";0,58
4528;107;8;32;11;50;"RAS_033";0,58
4628;52;5;20;10;10;"RAS_033";0,58
4728;54;7;28;10;50;"RAS_033";0,58
4828;80;2;8;4;5;"RAS_033";0,58
4928;108;2;8;3;10;"RAS_033";0,58
5028;89;7;28;10;50;"RAS_033";0,58
5128;113;7;28;10;50;"RAS_033";0,58
5228;51;10;40;20;20;"RAS_033";0,58
5328;69;7;28;10;50;"RAS_033";0,58
5428;92;2;8;2;10;"RAS_033";0,58
5528;59;9;36;15;50;"RAS_033";0,58
5628;84;2;8;3;10;"RAS_033";0,58
5728;64;5;20;10;10;"RAS_033";0,58
5828;76;4;16;4;20;"RAS_033";0,58
5928;105;10;40;17;50;"RAS_033";0,58
6028;71;2;8;2;10;"RAS_033";0,58
6128;119;4;16;7;10;"RAS_033";0,58
6228;49;4;16;7;10;"RAS_033";0,58
6328;56;9;36;16;20;"RAS_033";0,58
6428;106;2;8;3;10;"RAS_033";0,58
6528;48;9;36;17;20;"RAS_033";0,58
6628;118;2;8;3;10;"RAS_033";0,58
6728;53;5;20;9;10;"RAS_033";0,58
6828;87;9;36;17;20;"RAS_033";0,58
6928;104;7;28;8;50;"RAS_033";0,58
7028;109;2;8;2;10;"RAS_033";0,58
7128;78;7;28;8;50;"RAS_033";0,58
7228;45;5;20;10;10;"RAS_033";0,58
7328;97;10;40;18;20;"RAS_033";0,58
7428;75;8;32;13;20;"RAS_033";0,58
7528;44;4;16;4;20;"RAS_033";0,58
7628;95;8;32;15;20;"RAS_033";0,58
7728;116;5;20;10;10;"RAS_033";0,58
7828;55;8;32;14;20;"RAS_033";0,58
7928;114;10;40;20;20;"RAS_033";0,58
8028;74;9;36;16;20;"RAS_033";0,58
8128;62;8;32;11;50;"RAS_033";0,58
8228;41;4;16;5;20;"RAS_033";0,58
8328;91;2;8;2;10;"RAS_033";0,58
8428;86;2;8;3;10;"RAS_033";0,58
8528;110;7;28;13;20;"RAS_033";0,58
8628;90;2;8;3;10;"RAS_033";0,58
8728;77;10;40;20;20;"RAS_033";0,58
8828;112;10;40;20;20;"RAS_033";0,58
8928;66;2;8;3;10;"RAS_033";0,58
9028;88;5;20;10;10;"RAS_033";0,58
9128;102;2;8;3;10;"RAS_033";0,58
9228;63;2;8;3;10;"RAS_033";0,58
9328;73;7;28;8;50;"RAS_033";0,58
9428;96;5;20;10;10;"RAS_033";0,58
9528;98;2;8;3;10;"RAS_033";0,58
9628;101;7;28;9;50;"RAS_033";0,58
9728;65;2;8;3;10;"RAS_033";0,58
9828;46;10;40;20;20;"RAS_033";0,58
9928;82;9;36;15;50;"RAS_033";0,58
10028;81;4;16;6;20;"RAS_033";0,58
10128;79;9;36;12;50;"RAS_033";0,58
10228;68;4;16;7;10;"RAS_033";0,58
10328;111;9;36;16;20;"RAS_033";0,58
10428;61;8;32;15;20;"RAS_033";0,58
10528;58;2;8;3;10;"RAS_033";0,58
10628;115;8;32;14;20;"RAS_033";0,58
10728;70;7;28;10;50;"RAS_033";0,58
10828;99;5;20;10;10;"RAS_033";0,58
10928;93;9;36;17;20;"RAS_033";0,58
11028;43;8;32;14;20;"RAS_033";0,58
11128;94;4;16;6;20;"RAS_033";0,58
11228;60;10;40;20;20;"RAS_033";0,58
11328;85;9;36;14;50;"RAS_033";0,58
11428;83;5;20;10;10;"RAS_033";0,58
11528;72;10;40;20;20;"RAS_033";0,58
11628;42;2;8;3;10;"RAS_033";0,58
11728;117;2;8;3;10;"RAS_033";0,58
11828;103;8;32;14;20;"RAS_033";0,58
11928;100;8;32;14;20;"RAS_033";0,58
12028;120;2;8;3;10;"RAS_033";0,58
4129;98;2;8;2;10;"RAS_034";0,51
4229;85;9;36;11;50;"RAS_034";0,51
4329;81;4;16;5;10;"RAS_034";0,51
4429;69;7;28;8;20;"RAS_034";0,51
4529;49;4;16;4;20;"RAS_034";0,51
4629;120;2;8;2;10;"RAS_034";0,51
4729;70;7;28;8;20;"RAS_034";0,51
4829;58;2;8;2;10;"RAS_034";0,51
4929;80;2;8;2;10;"RAS_034";0,51
5029;72;10;40;10;50;"RAS_034";0,51
5129;88;5;20;5;20;"RAS_034";0,51
5229;96;5;20;5;20;"RAS_034";0,51
5329;87;9;36;5;50;"RAS_034";0,51
5429;79;9;36;8;50;"RAS_034";0,51
5529;82;9;36;9;50;"RAS_034";0,51
5629;83;5;20;5;20;"RAS_034";0,51
5729;66;2;8;2;10;"RAS_034";0,51
5829;97;10;40;8;50;"RAS_034";0,51
5929;53;5;20;5;20;"RAS_034";0,51
6029;50;5;20;5;20;"RAS_034";0,51
6129;43;8;32;7;50;"RAS_034";0,51
6229;103;8;32;7;50;"RAS_034";0,51
6329;117;2;8;2;10;"RAS_034";0,51
6429;100;8;32;7;50;"RAS_034";0,51
6529;116;5;20;5;20;"RAS_034";0,51
6629;56;9;36;9;50;"RAS_034";0,51
6729;119;4;16;6;10;"RAS_034";0,51
6829;74;9;36;8;50;"RAS_034";0,51
6929;41;4;16;6;10;"RAS_034";0,51
7029;104;7;28;8;20;"RAS_034";0,51
7129;111;9;36;8;50;"RAS_034";0,51
7229;47;10;40;8;50;"RAS_034";0,51
7329;91;2;8;2;10;"RAS_034";0,51
7429;95;8;32;7;50;"RAS_034";0,51
7529;48;9;36;9;50;"RAS_034";0,51
7629;61;8;32;7;50;"RAS_034";0,51
7729;108;2;8;2;10;"RAS_034";0,51
7829;54;7;28;7;50;"RAS_034";0,51
7929;75;8;32;7;50;"RAS_034";0,51
8029;99;5;20;6;20;"RAS_034";0,51
8129;46;10;40;10;50;"RAS_034";0,51
8229;84;2;8;2;10;"RAS_034";0,51
8329;92;2;8;2;10;"RAS_034";0,51
8429;51;10;40;10;50;"RAS_034";0,51
8529;89;7;28;7;50;"RAS_034";0,51
8629;63;2;8;2;10;"RAS_034";0,51
8729;78;7;28;8;20;"RAS_034";0,51
8829;44;4;16;5;10;"RAS_034";0,51
8929;106;2;8;2;10;"RAS_034";0,51
9029;77;10;40;10;50;"RAS_034";0,51
9129;62;8;32;9;50;"RAS_034";0,51
9229;52;5;20;5;20;"RAS_034";0,51
9329;101;7;28;7;50;"RAS_034";0,51
9429;109;2;8;2;10;"RAS_034";0,51
9529;45;5;20;6;20;"RAS_034";0,51
9629;110;7;28;8;20;"RAS_034";0,51
9729;60;10;40;11;50;"RAS_034";0,51
9829;114;10;40;11;50;"RAS_034";0,51
9929;64;5;20;6;20;"RAS_034";0,51
10029;94;4;16;4;20;"RAS_034";0,51
10129;59;9;36;6;50;"RAS_034";0,51
10229;55;8;32;8;50;"RAS_034";0,51
10329;67;4;16;5;10;"RAS_034";0,51
10429;105;10;40;11;50;"RAS_034";0,51
10529;102;2;8;2;10;"RAS_034";0,51
10629;112;10;40;10;50;"RAS_034";0,51
10729;71;2;8;2;10;"RAS_034";0,51
10829;90;2;8;2;10;"RAS_034";0,51
10929;42;2;8;2;10;"RAS_034";0,51
11029;73;7;28;6;50;"RAS_034";0,51
11129;113;7;28;8;20;"RAS_034";0,51
11229;115;8;32;8;50;"RAS_034";0,51
11329;57;4;16;5;10;"RAS_034";0,51
11429;76;4;16;5;10;"RAS_034";0,51
11529;107;8;32;9;50;"RAS_034";0,51
11629;68;4;16;5;10;"RAS_034";0,51
11729;65;2;8;2;10;"RAS_034";0,51
11829;86;2;8;2;10;"RAS_034";0,51
11929;93;9;36;8;50;"RAS_034";0,51
12029;118;2;8;2;10;"RAS_034";0,51
4130;45;5;20;5;5;"RAS_035";0,
4230;71;2;8;1;2;"RAS_035";0,
4330;67;4;16;4;5;"RAS_035";0,
4430;66;2;8;2;5;"RAS_035";0,
4530;79;9;36;10;50;"RAS_035";0,
4630;118;2;8;2;5;"RAS_035";0,
4730;82;9;36;9;50;"RAS_035";0,
4830;111;9;36;10;50;"RAS_035";0,
4930;50;5;20;6;20;"RAS_035";0,
5030;116;5;20;5;10;"RAS_035";0,
5130;93;9;36;8;10;"RAS_035";0,
5230;119;4;16;4;5;"RAS_035";0,
5330;51;10;40;9;10;"RAS_035";0,
5430;105;10;40;10;20;"RAS_035";0,
5530;90;2;8;2;5;"RAS_035";0,
5630;57;4;16;5;20;"RAS_035";0,
5730;85;9;36;8;10;"RAS_035";0,
5830;94;4;16;4;10;"RAS_035";0,
5930;74;9;36;9;50;"RAS_035";0,
6030;61;8;32;11;50;"RAS_035";0,
6130;115;8;32;8;10;"RAS_035";0,
6230;58;2;8;3;10;"RAS_035";0,
6330;52;5;20;5;5;"RAS_035";0,
6430;81;4;16;5;20;"RAS_035";0,
6530;91;2;8;2;10;"RAS_035";0,
6630;102;2;8;2;2;"RAS_035";0,
6730;54;7;28;8;50;"RAS_035";0,
6830;109;2;8;2;2;"RAS_035";0,
6930;106;2;8;2;2;"RAS_035";0,
7030;41;4;16;4;20;"RAS_035";0,
7130;98;2;8;2;5;"RAS_035";0,
7230;78;7;28;6;10;"RAS_035";0,
7330;80;2;8;2;5;"RAS_035";0,
7430;47;10;40;11;50;"RAS_035";0,
7530;55;8;32;8;10;"RAS_035";0,
7630;68;4;16;4;10;"RAS_035";0,
7730;99;5;20;5;20;"RAS_035";0,
7830;62;8;32;6;10;"RAS_035";0,
7930;43;8;32;6;10;"RAS_035";0,
8030;112;10;40;5;10;"RAS_035";0,
8130;113;7;28;7;50;"RAS_035";0,
8230;48;9;36;7;10;"RAS_035";0,
8330;83;5;20;5;20;"RAS_035";0,
8430;87;9;36;7;10;"RAS_035";0,
8530;53;5;20;5;10;"RAS_035";0,
8630;97;10;40;12;50;"RAS_035";0,
8730;95;8;32;8;50;"RAS_035";0,
8830;72;10;40;8;10;"RAS_035";0,
8930;60;10;40;10;50;"RAS_035";0,
9030;59;9;36;10;50;"RAS_035";0,
9130;108;2;8;2;2;"RAS_035";0,
9230;120;2;8;2;2;"RAS_035";0,
9330;77;10;40;8;10;"RAS_035";0,
9430;75;8;32;8;50;"RAS_035";0,
9530;76;4;16;4;10;"RAS_035";0,
9630;114;10;40;8;10;"RAS_035";0,
9730;70;7;28;5;10;"RAS_035";0,
9830;44;4;16;4;20;"RAS_035";0,
9930;63;2;8;2;5;"RAS_035";0,
10030;92;2;8;2;5;"RAS_035";0,
10130;103;8;32;10;50;"RAS_035";0,
10230;65;2;8;2;5;"RAS_035";0,
10330;89;7;28;7;50;"RAS_035";0,
10430;73;7;28;7;20;"RAS_035";0,
10530;107;8;32;5;10;"RAS_035";0,
10630;69;7;28;6;10;"RAS_035";0,
10730;100;8;32;7;10;"RAS_035";0,
10830;101;7;28;7;20;"RAS_035";0,
10930;42;2;8;2;2;"RAS_035";0,
11030;49;4;16;4;5;"RAS_035";0,
11130;64;5;20;4;5;"RAS_035";0,
11230;96;5;20;5;5;"RAS_035";0,
11330;86;2;8;2;2;"RAS_035";0,
11430;117;2;8;2;5;"RAS_035";0,
11530;88;5;20;4;5;"RAS_035";0,
11630;56;9;36;7;10;"RAS_035";0,
11730;84;2;8;2;5;"RAS_035";0,
11830;104;7;28;7;20;"RAS_035";0,
11930;110;7;28;5;10;"RAS_035";0,
12030;46;10;40;9;10;"RAS_035";0,
4131;71;2;8;3;5;"RAS_036";0,45
4231;90;2;8;1;10;"RAS_036";0,45
4331;74;9;36;9;20;"RAS_036";0,45
4431;84;2;8;3;5;"RAS_036";0,45
4531;55;8;32;13;10;"RAS_036";0,45
4631;64;5;20;15;20;"RAS_036";0,45
4731;54;7;28;10;10;"RAS_036";0,45
4831;116;5;20;15;20;"RAS_036";0,45
4931;120;2;8;4;2;"RAS_036";0,45
5031;118;2;8;5;10;"RAS_036";0,45
5131;53;5;20;15;20;"RAS_036";0,45
5231;79;9;36;5;50;"RAS_036";0,45
5331;43;8;32;15;10;"RAS_036";0,45
5431;66;2;8;4;2;"RAS_036";0,45
5531;72;10;40;16;20;"RAS_036";0,45
5631;86;2;8;5;10;"RAS_036";0,45
5731;93;9;36;15;10;"RAS_036";0,45
5831;103;8;32;20;50;"RAS_036";0,45
5931;104;7;28;11;10;"RAS_036";0,45
6031;46;10;40;16;20;"RAS_036";0,45
6131;96;5;20;10;5;"RAS_036";0,45
6231;52;5;20;10;5;"RAS_036";0,45
6331;108;2;8;4;2;"RAS_036";0,45
6431;99;5;20;12;20;"RAS_036";0,45
6531;102;2;8;1;10;"RAS_036";0,45
6631;61;8;32;20;50;"RAS_036";0,45
6731;106;2;8;3;5;"RAS_036";0,45
6831;89;7;28;10;10;"RAS_036";0,45
6931;68;4;16;4;10;"RAS_036";0,45
7031;119;4;16;3;20;"RAS_036";0,45
7131;42;2;8;4;2;"RAS_036";0,45
7231;95;8;32;10;20;"RAS_036";0,45
7331;70;7;28;17;50;"RAS_036";0,45
7431;97;10;40;16;20;"RAS_036";0,45
7531;58;2;8;4;2;"RAS_036";0,45
7631;117;2;8;2;5;"RAS_036";0,45
7731;87;9;36;10;20;"RAS_036";0,45
7831;51;10;40;8;50;"RAS_036";0,45
7931;81;4;16;8;5;"RAS_036";0,45
8031;59;9;36;15;10;"RAS_036";0,45
8131;91;2;8;2;5;"RAS_036";0,45
8231;69;7;28;17;50;"RAS_036";0,45
8331;78;7;28;8;20;"RAS_036";0,45
8431;115;8;32;1;50;"RAS_036";0,45
8531;80;2;8;4;2;"RAS_036";0,45
8631;62;8;32;7;20;"RAS_036";0,45
8731;92;2;8;5;10;"RAS_036";0,45
8831;113;7;28;26;50;"RAS_036";0,45
8931;60;10;40;21;10;"RAS_036";0,45
9031;85;9;36;12;20;"RAS_036";0,45
9131;94;4;16;4;10;"RAS_036";0,45
9231;50;5;20;10;5;"RAS_036";0,45
9331;82;9;36;10;20;"RAS_036";0,45
9431;63;2;8;5;10;"RAS_036";0,45
9531;47;10;40;11;20;"RAS_036";0,45
9631;67;4;16;6;5;"RAS_036";0,45
9731;75;8;32;5;50;"RAS_036";0,45
9831;73;7;28;17;50;"RAS_036";0,45
9931;48;9;36;5;50;"RAS_036";0,45
10031;76;4;16;2;20;"RAS_036";0,45
10131;111;9;36;20;10;"RAS_036";0,45
10231;100;8;32;20;50;"RAS_036";0,45
10331;49;4;16;10;20;"RAS_036";0,45
10431;110;7;28;5;50;"RAS_036";0,45
10531;45;5;20;10;5;"RAS_036";0,45
10631;44;4;16;13;20;"RAS_036";0,45
10731;109;2;8;3;5;"RAS_036";0,45
10831;107;8;32;4;50;"RAS_036";0,45
10931;83;5;20;15;20;"RAS_036";0,45
11031;41;4;16;5;10;"RAS_036";0,45
11131;77;10;40;11;20;"RAS_036";0,45
11231;56;9;36;20;10;"RAS_036";0,45
11331;101;7;28;14;10;"RAS_036";0,45
11431;112;10;40;10;50;"RAS_036";0,45
11531;98;2;8;3;5;"RAS_036";0,45
11631;114;10;40;12;20;"RAS_036";0,45
11731;88;5;20;11;5;"RAS_036";0,45
11831;105;10;40;5;50;"RAS_036";0,45
11931;65;2;8;6;10;"RAS_036";0,45
12031;57;4;16;5;10;"RAS_036";0,45
4132;119;4;16;8;10;"RAS_037";0,59
4232;88;5;20;10;10;"RAS_037";0,59
4332;48;9;36;18;20;"RAS_037";0,59
4432;53;5;20;10;10;"RAS_037";0,59
4532;75;8;32;16;20;"RAS_037";0,59
4632;46;10;40;20;20;"RAS_037";0,59
4732;74;9;36;18;20;"RAS_037";0,59
4832;115;8;32;16;20;"RAS_037";0,59
4932;57;4;16;8;10;"RAS_037";0,59
5032;97;10;40;20;20;"RAS_037";0,59
5132;90;2;8;4;5;"RAS_037";0,59
5232;42;2;8;4;5;"RAS_037";0,59
5332;113;7;28;14;10;"RAS_037";0,59
5432;83;5;20;10;10;"RAS_037";0,59
5532;81;4;16;8;10;"RAS_037";0,59
5632;110;7;28;14;10;"RAS_037";0,59
5732;76;4;16;8;10;"RAS_037";0,59
5832;105;10;40;20;20;"RAS_037";0,59
5932;102;2;8;4;5;"RAS_037";0,59
6032;59;9;36;18;20;"RAS_037";0,59
6132;54;7;28;14;10;"RAS_037";0,59
6232;43;8;32;16;20;"RAS_037";0,59
6332;65;2;8;4;5;"RAS_037";0,59
6432;44;4;16;8;10;"RAS_037";0,59
6532;108;2;8;4;5;"RAS_037";0,59
6632;80;2;8;4;5;"RAS_037";0,59
6732;62;8;32;16;20;"RAS_037";0,59
6832;66;2;8;4;5;"RAS_037";0,59
6932;85;9;36;18;20;"RAS_037";0,59
7032;51;10;40;20;20;"RAS_037";0,59
7132;103;8;32;16;20;"RAS_037";0,59
7232;70;7;28;14;10;"RAS_037";0,59
7332;41;4;16;8;10;"RAS_037";0,59
7432;86;2;8;4;5;"RAS_037";0,59
7532;89;7;28;14;10;"RAS_037";0,59
7632;116;5;20;10;10;"RAS_037";0,59
7732;109;2;8;4;5;"RAS_037";0,59
7832;68;4;16;8;10;"RAS_037";0,59
7932;50;5;20;10;10;"RAS_037";0,59
8032;78;7;28;14;10;"RAS_037";0,59
8132;87;9;36;18;20;"RAS_037";0,59
8232;55;8;32;16;20;"RAS_037";0,59
8332;101;7;28;14;10;"RAS_037";0,59
8432;117;2;8;4;5;"RAS_037";0,59
8532;60;10;40;20;20;"RAS_037";0,59
8632;52;5;20;10;10;"RAS_037";0,59
8732;95;8;32;16;20;"RAS_037";0,59
8832;92;2;8;4;5;"RAS_037";0,59
8932;84;2;8;4;5;"RAS_037";0,59
9032;112;10;40;20;20;"RAS_037";0,59
9132;91;2;8;4;5;"RAS_037";0,59
9232;111;9;36;18;20;"RAS_037";0,59
9332;106;2;8;4;5;"RAS_037";0,59
9432;58;2;8;4;5;"RAS_037";0,59
9532;61;8;32;16;20;"RAS_037";0,59
9632;93;9;36;18;20;"RAS_037";0,59
9732;72;10;40;20;20;"RAS_037";0,59
9832;94;4;16;8;10;"RAS_037";0,59
9932;56;9;36;18;20;"RAS_037";0,59
10032;64;5;20;10;10;"RAS_037";0,59
10132;67;4;16;8;10;"RAS_037";0,59
10232;73;7;28;14;10;"RAS_037";0,59
10332;98;2;8;4;5;"RAS_037";0,59
10432;96;5;20;10;10;"RAS_037";0,59
10532;45;5;20;10;10;"RAS_037";0,59
10632;120;2;8;4;5;"RAS_037";0,59
10732;79;9;36;18;20;"RAS_037";0,59
10832;118;2;8;4;5;"RAS_037";0,59
10932;47;10;40;20;20;"RAS_037";0,59
11032;49;4;16;8;10;"RAS_037";0,59
11132;114;10;40;20;20;"RAS_037";0,59
11232;63;2;8;4;5;"RAS_037";0,59
11332;77;10;40;20;20;"RAS_037";0,59
11432;100;8;32;16;20;"RAS_037";0,59
11532;104;7;28;14;10;"RAS_037";0,59
11632;99;5;20;10;10;"RAS_037";0,59
11732;82;9;36;18;20;"RAS_037";0,59
11832;71;2;8;4;5;"RAS_037";0,59
11932;69;7;28;14;10;"RAS_037";0,59
12032;107;8;32;16;20;"RAS_037";0,59
4133;47;10;40;15;20;"RAS_038";0,53
4233;56;9;36;12;50;"RAS_038";0,53
4333;112;10;40;22;10;"RAS_038";0,53
4433;72;10;40;20;10;"RAS_038";0,53
4533;62;8;32;16;10;"RAS_038";0,53
4633;88;5;20;5;20;"RAS_038";0,53
4733;50;5;20;5;20;"RAS_038";0,53
4833;64;5;20;5;20;"RAS_038";0,53
4933;48;9;36;12;50;"RAS_038";0,53
5033;100;8;32;16;10;"RAS_038";0,53
5133;49;4;16;4;20;"RAS_038";0,53
5233;115;8;32;14;20;"RAS_038";0,53
5333;119;4;16;2;20;"RAS_038";0,53
5433;89;7;28;12;10;"RAS_038";0,53
5533;95;8;32;12;20;"RAS_038";0,53
5633;74;9;36;12;50;"RAS_038";0,53
5733;85;9;36;16;20;"RAS_038";0,53
5833;52;5;20;8;10;"RAS_038";0,53
5933;70;7;28;12;10;"RAS_038";0,53
6033;68;4;16;4;20;"RAS_038";0,53
6133;120;2;8;4;2;"RAS_038";0,53
6233;53;5;20;10;5;"RAS_038";0,53
6333;117;2;8;2;10;"RAS_038";0,53
6433;41;4;16;6;10;"RAS_038";0,53
6533;97;10;40;15;20;"RAS_038";0,53
6633;98;2;8;0;10;"RAS_038";0,53
6733;110;7;28;12;10;"RAS_038";0,53
6833;102;2;8;0;10;"RAS_038";0,53
6933;114;10;40;18;20;"RAS_038";0,53
7033;59;9;36;12;50;"RAS_038";0,53
7133;111;9;36;9;50;"RAS_038";0,53
7233;87;9;36;12;50;"RAS_038";0,53
7333;78;7;28;7;50;"RAS_038";0,53
7433;104;7;28;10;20;"RAS_038";0,53
7533;44;4;16;8;5;"RAS_038";0,53
7633;103;8;32;8;50;"RAS_038";0,53
7733;67;4;16;8;5;"RAS_038";0,53
7833;76;4;16;6;10;"RAS_038";0,53
7933;63;2;8;2;10;"RAS_038";0,53
8033;92;2;8;2;10;"RAS_038";0,53
8133;93;9;36;4;50;"RAS_038";0,53
8233;43;8;32;8;50;"RAS_038";0,53
8333;42;2;8;4;2;"RAS_038";0,53
8433;99;5;20;6;20;"RAS_038";0,53
8533;109;2;8;2;10;"RAS_038";0,53
8633;83;5;20;8;10;"RAS_038";0,53
8733;108;2;8;2;10;"RAS_038";0,53
8833;58;2;8;2;10;"RAS_038";0,53
8933;81;4;16;6;10;"RAS_038";0,53
9033;66;2;8;2;10;"RAS_038";0,53
9133;73;7;28;10;20;"RAS_038";0,53
9233;96;5;20;8;10;"RAS_038";0,53
9333;91;2;8;4;2;"RAS_038";0,53
9433;75;8;32;10;50;"RAS_038";0,53
9533;113;7;28;7;50;"RAS_038";0,53
9633;79;9;36;12;50;"RAS_038";0,53
9733;94;4;16;6;10;"RAS_038";0,53
9833;106;2;8;3;5;"RAS_038";0,53
9933;60;10;40;16;20;"RAS_038";0,53
10033;90;2;8;3;5;"RAS_038";0,53
10133;51;10;40;16;20;"RAS_038";0,53
10233;61;8;32;8;50;"RAS_038";0,53
10333;54;7;28;4;50;"RAS_038";0,53
10433;118;2;8;3;5;"RAS_038";0,53
10533;82;9;36;8;50;"RAS_038";0,53
10633;86;2;8;2;10;"RAS_038";0,53
10733;101;7;28;7;50;"RAS_038";0,53
10833;71;2;8;2;10;"RAS_038";0,53
10933;105;10;40;15;20;"RAS_038";0,53
11033;45;5;20;10;5;"RAS_038";0,53
11133;55;8;32;10;50;"RAS_038";0,53
11233;46;10;40;10;50;"RAS_038";0,53
11333;69;7;28;8;50;"RAS_038";0,53
11433;65;2;8;4;2;"RAS_038";0,53
11533;84;2;8;4;2;"RAS_038";0,53
11633;77;10;40;8;50;"RAS_038";0,53
11733;57;4;16;6;10;"RAS_038";0,53
11833;107;8;32;10;50;"RAS_038";0,53
11933;80;2;8;3;5;"RAS_038";0,53
12033;116;5;20;9;10;"RAS_038";0,53
4134;78;7;28;7;50;"RAS_040";0,52
4234;82;9;36;9;50;"RAS_040";0,52
4334;94;4;16;4;20;"RAS_040";0,52
4434;75;8;32;8;50;"RAS_040";0,52
4534;97;10;40;15;20;"RAS_040";0,52
4634;79;9;36;10;50;"RAS_040";0,52
4734;63;2;8;3;5;"RAS_040";0,52
4834;95;8;32;10;50;"RAS_040";0,52
4934;56;9;36;12;50;"RAS_040";0,52
5034;45;5;20;7;20;"RAS_040";0,52
5134;59;9;36;12;50;"RAS_040";0,52
5234;73;7;28;9;20;"RAS_040";0,52
5334;110;7;28;9;20;"RAS_040";0,52
5434;74;9;36;13;20;"RAS_040";0,52
5534;43;8;32;10;50;"RAS_040";0,52
5634;57;4;16;5;20;"RAS_040";0,52
5734;89;7;28;10;20;"RAS_040";0,52
5834;58;2;8;3;5;"RAS_040";0,52
5934;92;2;8;3;5;"RAS_040";0,52
6034;107;8;32;10;50;"RAS_040";0,52
6134;87;9;36;14;20;"RAS_040";0,52
6234;41;4;16;7;10;"RAS_040";0,52
6334;93;9;36;12;50;"RAS_040";0,52
6434;42;2;8;3;5;"RAS_040";0,52
6534;54;7;28;9;20;"RAS_040";0,52
6634;68;4;16;1;20;"RAS_040";0,52
6734;100;8;32;9;50;"RAS_040";0,52
6834;66;2;8;2;10;"RAS_040";0,52
6934;52;5;20;7;20;"RAS_040";0,52
7034;88;5;20;7;20;"RAS_040";0,52
7134;101;7;28;8;50;"RAS_040";0,52
7234;85;9;36;15;20;"RAS_040";0,52
7334;115;8;32;12;20;"RAS_040";0,52
7434;98;2;8;3;5;"RAS_040";0,52
7534;102;2;8;3;5;"RAS_040";0,52
7634;50;5;20;7;20;"RAS_040";0,52
7734;80;2;8;3;5;"RAS_040";0,52
7834;90;2;8;3;5;"RAS_040";0,52
7934;69;7;28;10;20;"RAS_040";0,52
8034;104;7;28;10;20;"RAS_040";0,52
8134;65;2;8;3;5;"RAS_040";0,52
8234;114;10;40;18;20;"RAS_040";0,52
8334;72;10;40;20;10;"RAS_040";0,52
8434;55;8;32;10;50;"RAS_040";0,52
8534;53;5;20;7;20;"RAS_040";0,52
8634;106;2;8;3;5;"RAS_040";0,52
8734;76;4;16;6;10;"RAS_040";0,52
8834;51;10;40;18;20;"RAS_040";0,52
8934;109;2;8;3;5;"RAS_040";0,52
9034;118;2;8;3;5;"RAS_040";0,52
9134;120;2;8;3;5;"RAS_040";0,52
9234;70;7;28;9;20;"RAS_040";0,52
9334;108;2;8;3;5;"RAS_040";0,52
9434;48;9;36;16;20;"RAS_040";0,52
9534;81;4;16;6;10;"RAS_040";0,52
9634;44;4;16;6;10;"RAS_040";0,52
9734;84;2;8;3;5;"RAS_040";0,52
9834;91;2;8;3;5;"RAS_040";0,52
9934;83;5;20;7;20;"RAS_040";0,52
10034;71;2;8;3;5;"RAS_040";0,52
10134;96;5;20;7;20;"RAS_040";0,52
10234;49;4;16;6;10;"RAS_040";0,52
10334;119;4;16;6;10;"RAS_040";0,52
10434;86;2;8;3;5;"RAS_040";0,52
10534;60;10;40;18;20;"RAS_040";0,52
10634;77;10;40;20;10;"RAS_040";0,52
10734;64;5;20;7;20;"RAS_040";0,52
10834;103;8;32;12;20;"RAS_040";0,52
10934;47;10;40;20;10;"RAS_040";0,52
11034;113;7;28;12;10;"RAS_040";0,52
11134;62;8;32;14;20;"RAS_040";0,52
11234;116;5;20;8;10;"RAS_040";0,52
11334;112;10;40;19;20;"RAS_040";0,52
11434;105;10;40;11;50;"RAS_040";0,52
11534;46;10;40;17;20;"RAS_040";0,52
11634;67;4;16;6;10;"RAS_040";0,52
11734;117;2;8;3;5;"RAS_040";0,52
11834;99;5;20;7;20;"RAS_040";0,52
11934;111;9;36;15;20;"RAS_040";0,52
12034;61;8;32;10;50;"RAS_040";0,52
