;"Player";"Endowment";"Investment";"Pot";"Return";"Subject";"Delta",
1;1;10;5;20;6;"RAS_001";0,63
2;26;10;1;4;2;"RAS_001";0,63
3;40;10;4;16;4;"RAS_001";0,63
4;5;20;4;16;4;"RAS_001";0,63
5;36;50;9;36;7;"RAS_001";0,63
6;37;10;5;20;10;"RAS_001";0,63
7;10;5;1;4;1;"RAS_001";0,63
8;14;10;4;16;5;"RAS_001";0,63
9;11;2;1;4;3;"RAS_001";0,63
10;33;10;7;28;13;"RAS_001";0,63
11;34;10;8;32;19;"RAS_001";0,63
12;38;20;7;28;13;"RAS_001";0,63
13;24;20;5;20;5;"RAS_001";0,63
14;16;10;9;36;28;"RAS_001";0,63
15;32;10;10;40;31;"RAS_001";0,63
16;30;2;1;4;3;"RAS_001";0,63
17;4;10;5;20;11;"RAS_001";0,63
18;13;50;8;32;8;"RAS_001";0,63
19;19;5;2;8;4;"RAS_001";0,63
20;15;20;7;28;12;"RAS_001";0,63
21;9;10;5;20;11;"RAS_001";0,63
22;8;2;2;8;7;"RAS_001";0,63
23;17;2;1;4;3;"RAS_001";0,63
24;21;20;10;40;22;"RAS_001";0,63
25;2;20;8;32;13;"RAS_001";0,63
26;35;50;10;40;10;"RAS_001";0,63
27;39;20;9;36;14;"RAS_001";0,63
28;3;10;5;20;11;"RAS_001";0,63
29;31;5;2;8;4;"RAS_001";0,63
30;27;2;1;4;3;"RAS_001";0,63
31;12;20;10;40;22;"RAS_001";0,63
32;23;20;9;36;20;"RAS_001";0,63
33;22;50;7;28;9;"RAS_001";0,63
34;7;5;4;16;13;"RAS_001";0,63
35;20;20;8;32;15;"RAS_001";0,63
36;28;10;2;8;5;"RAS_001";0,63
37;6;10;5;20;10;"RAS_001";0,63
38;25;10;5;20;12;"RAS_001";0,63
39;29;5;5;20;14;"RAS_001";0,63
40;18;10;5;20;11;"RAS_001";0,63
41;15;20;7;28;7;"RAS_002";0,35
42;30;2;1;4;1;"RAS_002";0,35
43;29;5;5;20;8;"RAS_002";0,35
44;9;10;5;20;8;"RAS_002";0,35
45;5;20;4;16;4;"RAS_002";0,35
46;40;10;4;16;6;"RAS_002";0,35
47;20;20;8;32;11;"RAS_002";0,35
48;34;10;8;32;12;"RAS_002";0,35
49;7;5;4;16;6;"RAS_002";0,35
50;14;10;4;16;3;"RAS_002";0,35
51;33;10;7;28;9;"RAS_002";0,35
52;18;10;5;20;8;"RAS_002";0,35
53;6;10;5;20;7;"RAS_002";0,35
54;23;20;9;36;12;"RAS_002";0,35
55;13;50;8;32;1;"RAS_002";0,35
56;39;20;9;36;9;"RAS_002";0,35
57;21;20;10;40;12;"RAS_002";0,35
58;24;20;5;20;8;"RAS_002";0,35
59;26;10;1;4;0;"RAS_002";0,35
60;1;10;5;20;6;"RAS_002";0,35
61;22;50;7;28;1;"RAS_002";0,35
62;17;2;1;4;2;"RAS_002";0,35
63;38;20;7;28;9;"RAS_002";0,35
64;12;20;10;40;12;"RAS_002";0,35
65;28;10;2;8;1;"RAS_002";0,35
66;19;5;2;8;1;"RAS_002";0,35
67;32;10;10;40;10;"RAS_002";0,35
68;37;10;5;20;4;"RAS_002";0,35
69;31;5;2;8;2;"RAS_002";0,35
70;4;10;5;20;10;"RAS_002";0,35
71;36;50;9;36;3;"RAS_002";0,35
72;3;10;5;20;5;"RAS_002";0,35
73;25;10;5;20;7;"RAS_002";0,35
74;16;10;9;36;13;"RAS_002";0,35
75;10;5;1;4;0;"RAS_002";0,35
76;27;2;1;4;1;"RAS_002";0,35
77;35;50;10;40;14;"RAS_002";0,35
78;11;2;1;4;2;"RAS_002";0,35
79;2;20;8;32;7;"RAS_002";0,35
80;8;2;2;8;2;"RAS_002";0,35
81;31;5;2;8;3;"RAS_003";0,
82;5;20;4;16;3;"RAS_003";0,
83;2;20;8;32;10;"RAS_003";0,
84;18;10;5;20;5;"RAS_003";0,
85;36;50;9;36;5;"RAS_003";0,
86;9;10;5;20;5;"RAS_003";0,
87;26;10;1;4;1;"RAS_003";0,
88;12;20;10;40;10;"RAS_003";0,
89;29;5;5;20;2;"RAS_003";0,
90;15;20;7;28;5;"RAS_003";0,
91;8;2;2;8;2;"RAS_003";0,
92;38;20;7;28;4;"RAS_003";0,
93;19;5;2;8;2;"RAS_003";0,
94;1;10;5;20;5;"RAS_003";0,
95;37;10;5;20;5;"RAS_003";0,
96;11;2;1;4;2;"RAS_003";0,
97;4;10;5;20;5;"RAS_003";0,
98;22;50;7;28;10;"RAS_003";0,
99;6;10;5;20;5;"RAS_003";0,
100;3;10;5;20;5;"RAS_003";0,
101;20;20;8;32;4;"RAS_003";0,
102;39;20;9;36;6;"RAS_003";0,
103;13;50;8;32;19;"RAS_003";0,
104;21;20;10;40;20;"RAS_003";0,
105;17;2;1;4;2;"RAS_003";0,
106;27;2;1;4;2;"RAS_003";0,
107;7;5;4;16;9;"RAS_003";0,
108;33;10;7;28;10;"RAS_003";0,
109;34;10;8;32;8;"RAS_003";0,
110;10;5;1;4;2;"RAS_003";0,
111;30;2;1;4;2;"RAS_003";0,
112;14;10;4;16;8;"RAS_003";0,
113;16;10;9;36;10;"RAS_003";0,
114;40;10;4;16;8;"RAS_003";0,
115;28;10;2;8;4;"RAS_003";0,
116;25;10;5;20;5;"RAS_003";0,
117;32;10;10;40;10;"RAS_003";0,
118;23;20;9;36;10;"RAS_003";0,
119;35;50;10;40;10;"RAS_003";0,
120;24;20;5;20;10;"RAS_003";0,
121;6;10;5;20;8;"RAS_004";0,54
122;4;10;5;20;10;"RAS_004";0,54
123;35;50;10;40;17;"RAS_004";0,54
124;30;2;1;4;2;"RAS_004";0,54
125;15;20;7;28;13;"RAS_004";0,54
126;29;5;5;20;10;"RAS_004";0,54
127;16;10;9;36;16;"RAS_004";0,54
128;33;10;7;28;14;"RAS_004";0,54
129;12;20;10;40;18;"RAS_004";0,54
130;24;20;5;20;8;"RAS_004";0,54
131;13;50;8;32;17;"RAS_004";0,54
132;10;5;1;4;2;"RAS_004";0,54
133;2;20;8;32;12;"RAS_004";0,54
134;18;10;5;20;10;"RAS_004";0,54
135;9;10;5;20;12;"RAS_004";0,54
136;27;2;1;4;2;"RAS_004";0,54
137;36;50;9;36;18;"RAS_004";0,54
138;17;2;1;4;2;"RAS_004";0,54
139;34;10;8;32;13;"RAS_004";0,54
140;7;5;4;16;7;"RAS_004";0,54
141;11;2;1;4;1;"RAS_004";0,54
142;26;10;1;4;1;"RAS_004";0,54
143;5;20;4;16;7;"RAS_004";0,54
144;38;20;7;28;13;"RAS_004";0,54
145;8;2;2;8;4;"RAS_004";0,54
146;14;10;4;16;7;"RAS_004";0,54
147;21;20;10;40;17;"RAS_004";0,54
148;20;20;8;32;12;"RAS_004";0,54
149;22;50;7;28;12;"RAS_004";0,54
150;31;5;2;8;4;"RAS_004";0,54
151;19;5;2;8;3;"RAS_004";0,54
152;3;10;5;20;8;"RAS_004";0,54
153;39;20;9;36;13;"RAS_004";0,54
154;32;10;10;40;14;"RAS_004";0,54
155;1;10;5;20;10;"RAS_004";0,54
156;40;10;4;16;1;"RAS_004";0,54
157;25;10;5;20;8;"RAS_004";0,54
158;37;10;5;20;11;"RAS_004";0,54
159;23;20;9;36;18;"RAS_004";0,54
160;28;10;2;8;2;"RAS_004";0,54
161;19;5;2;8;1;"RAS_005";0,66
162;17;2;1;4;1;"RAS_005";0,66
163;8;2;2;8;4;"RAS_005";0,66
164;30;2;1;4;1;"RAS_005";0,66
165;31;5;2;8;4;"RAS_005";0,66
166;14;10;4;16;8;"RAS_005";0,66
167;18;10;5;20;10;"RAS_005";0,66
168;10;5;1;4;2;"RAS_005";0,66
169;27;2;1;4;2;"RAS_005";0,66
170;13;50;8;32;14;"RAS_005";0,66
171;23;20;9;36;20;"RAS_005";0,66
172;32;10;10;40;20;"RAS_005";0,66
173;35;50;10;40;20;"RAS_005";0,66
174;12;20;10;40;20;"RAS_005";0,66
175;38;20;7;28;15;"RAS_005";0,66
176;3;10;5;20;10;"RAS_005";0,66
177;25;10;5;20;10;"RAS_005";0,66
178;9;10;5;20;10;"RAS_005";0,66
179;24;20;5;20;10;"RAS_005";0,66
180;16;10;9;36;18;"RAS_005";0,66
181;34;10;8;32;17;"RAS_005";0,66
182;28;10;2;8;4;"RAS_005";0,66
183;1;10;5;20;10;"RAS_005";0,66
184;15;20;7;28;14;"RAS_005";0,66
185;4;10;5;20;10;"RAS_005";0,66
186;36;50;9;36;20;"RAS_005";0,66
187;37;10;5;20;10;"RAS_005";0,66
188;21;20;10;40;20;"RAS_005";0,66
189;26;10;1;4;2;"RAS_005";0,66
190;20;20;8;32;16;"RAS_005";0,66
191;40;10;4;16;8;"RAS_005";0,66
192;2;20;8;32;16;"RAS_005";0,66
193;39;20;9;36;20;"RAS_005";0,66
194;22;50;7;28;14;"RAS_005";0,66
195;5;20;4;16;8;"RAS_005";0,66
196;11;2;1;4;2;"RAS_005";0,66
197;29;5;5;20;10;"RAS_005";0,66
198;6;10;5;20;10;"RAS_005";0,66
199;33;10;7;28;14;"RAS_005";0,66
200;7;5;4;16;8;"RAS_005";0,66
201;32;10;10;40;5;"RAS_006";0,57
202;37;10;5;20;7;"RAS_006";0,57
203;1;10;5;20;10;"RAS_006";0,57
204;2;20;8;32;15;"RAS_006";0,57
205;23;20;9;36;17;"RAS_006";0,57
206;36;50;9;36;12;"RAS_006";0,57
207;30;2;1;4;2;"RAS_006";0,57
208;13;50;8;32;16;"RAS_006";0,57
209;34;10;8;32;15;"RAS_006";0,57
210;7;5;4;16;8;"RAS_006";0,57
211;16;10;9;36;18;"RAS_006";0,57
212;5;20;4;16;8;"RAS_006";0,57
213;8;2;2;8;8;"RAS_006";0,57
214;4;10;5;20;11;"RAS_006";0,57
215;15;20;7;28;14;"RAS_006";0,57
216;38;20;7;28;14;"RAS_006";0,57
217;6;10;5;20;10;"RAS_006";0,57
218;17;2;1;4;1;"RAS_006";0,57
219;22;50;7;28;8;"RAS_006";0,57
220;11;2;1;4;2;"RAS_006";0,57
221;9;10;5;20;10;"RAS_006";0,57
222;20;20;8;32;13;"RAS_006";0,57
223;25;10;5;20;8;"RAS_006";0,57
224;29;5;5;20;13;"RAS_006";0,57
225;35;50;10;40;10;"RAS_006";0,57
226;24;20;5;20;8;"RAS_006";0,57
227;39;20;9;36;17;"RAS_006";0,57
228;31;5;2;8;6;"RAS_006";0,57
229;10;5;1;4;2;"RAS_006";0,57
230;12;20;10;40;20;"RAS_006";0,57
231;33;10;7;28;15;"RAS_006";0,57
232;40;10;4;16;7;"RAS_006";0,57
233;19;5;2;8;4;"RAS_006";0,57
234;27;2;1;4;2;"RAS_006";0,57
235;28;10;2;8;2;"RAS_006";0,57
236;14;10;4;16;6;"RAS_006";0,57
237;18;10;5;20;10;"RAS_006";0,57
238;21;20;10;40;20;"RAS_006";0,57
239;26;10;1;4;2;"RAS_006";0,57
240;3;10;5;20;10;"RAS_006";0,57
241;29;5;5;20;6;"RAS_008";0,46
242;13;50;8;32;2;"RAS_008";0,46
243;9;10;5;20;5;"RAS_008";0,46
244;5;20;4;16;0;"RAS_008";0,46
245;19;5;2;8;2;"RAS_008";0,46
246;32;10;10;40;15;"RAS_008";0,46
247;2;20;8;32;9;"RAS_008";0,46
248;35;50;10;40;5;"RAS_008";0,46
249;25;10;5;20;5;"RAS_008";0,46
250;27;2;1;4;1;"RAS_008";0,46
251;15;20;7;28;7;"RAS_008";0,46
252;8;2;2;8;4;"RAS_008";0,46
253;17;2;1;4;1;"RAS_008";0,46
254;33;10;7;28;10;"RAS_008";0,46
255;10;5;1;4;0;"RAS_008";0,46
256;31;5;2;8;1;"RAS_008";0,46
257;1;10;5;20;7;"RAS_008";0,46
258;22;50;7;28;1;"RAS_008";0,46
259;40;10;4;16;4;"RAS_008";0,46
260;39;20;9;36;10;"RAS_008";0,46
261;7;5;4;16;8;"RAS_008";0,46
262;28;10;2;8;0;"RAS_008";0,46
263;23;20;9;36;11;"RAS_008";0,46
264;21;20;10;40;15;"RAS_008";0,46
265;37;10;5;20;10;"RAS_008";0,46
266;11;2;1;4;1;"RAS_008";0,46
267;34;10;8;32;16;"RAS_008";0,46
268;6;10;5;20;6;"RAS_008";0,46
269;36;50;9;36;0;"RAS_008";0,46
270;20;20;8;32;8;"RAS_008";0,46
271;18;10;5;20;6;"RAS_008";0,46
272;14;10;4;16;5;"RAS_008";0,46
273;38;20;7;28;3;"RAS_008";0,46
274;24;20;5;20;1;"RAS_008";0,46
275;3;10;5;20;5;"RAS_008";0,46
276;26;10;1;4;0;"RAS_008";0,46
277;4;10;5;20;7;"RAS_008";0,46
278;16;10;9;36;17;"RAS_008";0,46
279;30;2;1;4;1;"RAS_008";0,46
280;12;20;10;40;12;"RAS_008";0,46
281;37;10;5;20;0;"RAS_009";0,35
282;32;10;10;40;13;"RAS_009";0,35
283;27;2;1;4;1;"RAS_009";0,35
284;30;2;1;4;1;"RAS_009";0,35
285;17;2;1;4;1;"RAS_009";0,35
286;33;10;7;28;8;"RAS_009";0,35
287;24;20;5;20;1;"RAS_009";0,35
288;31;5;2;8;2;"RAS_009";0,35
289;28;10;2;8;0;"RAS_009";0,35
290;8;2;2;8;4;"RAS_009";0,35
291;11;2;1;4;1;"RAS_009";0,35
292;15;20;7;28;5;"RAS_009";0,35
293;4;10;5;20;2;"RAS_009";0,35
294;34;10;8;32;3;"RAS_009";0,35
295;22;50;7;28;0;"RAS_009";0,35
296;23;20;9;36;3;"RAS_009";0,35
297;19;5;2;8;1;"RAS_009";0,35
298;25;10;5;20;2;"RAS_009";0,35
299;35;50;10;40;0;"RAS_009";0,35
300;6;10;5;20;4;"RAS_009";0,35
301;21;20;10;40;10;"RAS_009";0,35
302;5;20;4;16;0;"RAS_009";0,35
303;38;20;7;28;3;"RAS_009";0,35
304;16;10;9;36;15;"RAS_009";0,35
305;10;5;1;4;0;"RAS_009";0,35
306;29;5;5;20;14;"RAS_009";0,35
307;36;50;9;36;0;"RAS_009";0,35
308;18;10;5;20;5;"RAS_009";0,35
309;1;10;5;20;6;"RAS_009";0,35
310;26;10;1;4;0;"RAS_009";0,35
311;20;20;8;32;4;"RAS_009";0,35
312;7;5;4;16;5;"RAS_009";0,35
313;12;20;10;40;5;"RAS_009";0,35
314;39;20;9;36;6;"RAS_009";0,35
315;14;10;4;16;0;"RAS_009";0,35
316;3;10;5;20;4;"RAS_009";0,35
317;40;10;4;16;6;"RAS_009";0,35
318;9;10;5;20;8;"RAS_009";0,35
319;2;20;8;32;9;"RAS_009";0,35
320;13;50;8;32;0;"RAS_009";0,35
321;35;50;10;40;15;"RAS_010";0,53
322;2;20;8;32;12;"RAS_010";0,53
323;16;10;9;36;19;"RAS_010";0,53
324;31;5;2;8;3;"RAS_010";0,53
325;25;10;5;20;8;"RAS_010";0,53
326;11;2;1;4;2;"RAS_010";0,53
327;12;20;10;40;15;"RAS_010";0,53
328;4;10;5;20;7;"RAS_010";0,53
329;7;5;4;16;7;"RAS_010";0,53
330;1;10;5;20;10;"RAS_010";0,53
331;27;2;1;4;1;"RAS_010";0,53
332;14;10;4;16;6;"RAS_010";0,53
333;15;20;7;28;11;"RAS_010";0,53
334;23;20;9;36;15;"RAS_010";0,53
335;38;20;7;28;11;"RAS_010";0,53
336;40;10;4;16;6;"RAS_010";0,53
337;8;2;2;8;4;"RAS_010";0,53
338;36;50;9;36;13;"RAS_010";0,53
339;34;10;8;32;14;"RAS_010";0,53
340;22;50;7;28;12;"RAS_010";0,53
341;26;10;1;4;1;"RAS_010";0,53
342;20;20;8;32;11;"RAS_010";0,53
343;6;10;5;20;10;"RAS_010";0,53
344;29;5;5;20;10;"RAS_010";0,53
345;33;10;7;28;12;"RAS_010";0,53
346;39;20;9;36;12;"RAS_010";0,53
347;32;10;10;40;20;"RAS_010";0,53
348;9;10;5;20;7;"RAS_010";0,53
349;30;2;1;4;1;"RAS_010";0,53
350;17;2;1;4;1;"RAS_010";0,53
351;19;5;2;8;3;"RAS_010";0,53
352;3;10;5;20;7;"RAS_010";0,53
353;28;10;2;8;1;"RAS_010";0,53
354;18;10;5;20;7;"RAS_010";0,53
355;10;5;1;4;1;"RAS_010";0,53
356;21;20;10;40;20;"RAS_010";0,53
357;5;20;4;16;6;"RAS_010";0,53
358;37;10;5;20;7;"RAS_010";0,53
359;24;20;5;20;3;"RAS_010";0,53
360;13;50;8;32;2;"RAS_010";0,53
361;27;2;1;4;1;"RAS_011";0,65
362;7;5;4;16;12;"RAS_011";0,65
363;2;20;8;32;22;"RAS_011";0,65
364;29;5;5;20;15;"RAS_011";0,65
365;15;20;7;28;10;"RAS_011";0,65
366;39;20;9;36;16;"RAS_011";0,65
367;30;2;1;4;3;"RAS_011";0,65
368;9;10;5;20;10;"RAS_011";0,65
369;8;2;2;8;6;"RAS_011";0,65
370;31;5;2;8;3;"RAS_011";0,65
371;11;2;1;4;2;"RAS_011";0,65
372;22;50;7;28;3;"RAS_011";0,65
373;23;20;9;36;16;"RAS_011";0,65
374;5;20;4;16;12;"RAS_011";0,65
375;40;10;4;16;10;"RAS_011";0,65
376;6;10;5;20;8;"RAS_011";0,65
377;35;50;10;40;10;"RAS_011";0,65
378;24;20;5;20;10;"RAS_011";0,65
379;32;10;10;40;30;"RAS_011";0,65
380;26;10;1;4;1;"RAS_011";0,65
381;37;10;5;20;10;"RAS_011";0,65
382;1;10;5;20;10;"RAS_011";0,65
383;20;20;8;32;16;"RAS_011";0,65
384;3;10;5;20;10;"RAS_011";0,65
385;25;10;5;20;10;"RAS_011";0,65
386;12;20;10;40;20;"RAS_011";0,65
387;34;10;8;32;24;"RAS_011";0,65
388;21;20;10;40;20;"RAS_011";0,65
389;16;10;9;36;28;"RAS_011";0,65
390;14;10;4;16;10;"RAS_011";0,65
391;38;20;7;28;15;"RAS_011";0,65
392;28;10;2;8;2;"RAS_011";0,65
393;17;2;1;4;2;"RAS_011";0,65
394;33;10;7;28;19;"RAS_011";0,65
395;19;5;2;8;3;"RAS_011";0,65
396;10;5;1;4;1;"RAS_011";0,65
397;13;50;8;32;4;"RAS_011";0,65
398;4;10;5;20;8;"RAS_011";0,65
399;36;50;9;36;4;"RAS_011";0,65
400;18;10;5;20;8;"RAS_011";0,65
401;9;10;5;20;10;"RAS_014";0,44
402;2;20;8;32;10;"RAS_014";0,44
403;20;20;8;32;10;"RAS_014";0,44
404;14;10;4;16;9;"RAS_014";0,44
405;35;50;10;40;5;"RAS_014";0,44
406;31;5;2;8;2;"RAS_014";0,44
407;22;50;7;28;4;"RAS_014";0,44
408;12;20;10;40;10;"RAS_014";0,44
409;33;10;7;28;14;"RAS_014";0,44
410;19;5;2;8;2;"RAS_014";0,44
411;40;10;4;16;4;"RAS_014";0,44
412;8;2;2;8;4;"RAS_014";0,44
413;17;2;1;4;1;"RAS_014";0,44
414;24;20;5;20;2;"RAS_014";0,44
415;3;10;5;20;5;"RAS_014";0,44
416;32;10;10;40;20;"RAS_014";0,44
417;29;5;5;20;10;"RAS_014";0,44
418;4;10;5;20;4;"RAS_014";0,44
419;13;50;8;32;0;"RAS_014";0,44
420;36;50;9;36;0;"RAS_014";0,44
421;38;20;7;28;6;"RAS_014";0,44
422;25;10;5;20;5;"RAS_014";0,44
423;1;10;5;20;6;"RAS_014";0,44
424;16;10;9;36;16;"RAS_014";0,44
425;6;10;5;20;5;"RAS_014";0,44
426;7;5;4;16;7;"RAS_014";0,44
427;34;10;8;32;14;"RAS_014";0,44
428;11;2;1;4;0;"RAS_014";0,44
429;10;5;1;4;0;"RAS_014";0,44
430;15;20;7;28;3;"RAS_014";0,44
431;37;10;5;20;7;"RAS_014";0,44
432;21;20;10;40;10;"RAS_014";0,44
433;39;20;9;36;10;"RAS_014";0,44
434;27;2;1;4;1;"RAS_014";0,44
435;5;20;4;16;0;"RAS_014";0,44
436;30;2;1;4;0;"RAS_014";0,44
437;18;10;5;20;6;"RAS_014";0,44
438;26;10;1;4;0;"RAS_014";0,44
439;23;20;9;36;7;"RAS_014";0,44
440;28;10;2;8;0;"RAS_014";0,44
441;20;20;8;32;0;"RAS_016";0,37
442;10;5;1;4;1;"RAS_016";0,37
443;12;20;10;40;0;"RAS_016";0,37
444;29;5;5;20;10;"RAS_016";0,37
445;25;10;5;20;5;"RAS_016";0,37
446;27;2;1;4;1;"RAS_016";0,37
447;13;50;8;32;0;"RAS_016";0,37
448;15;20;7;28;5;"RAS_016";0,37
449;32;10;10;40;15;"RAS_016";0,37
450;28;10;2;8;1;"RAS_016";0,37
451;30;2;1;4;2;"RAS_016";0,37
452;38;20;7;28;5;"RAS_016";0,37
453;23;20;9;36;5;"RAS_016";0,37
454;9;10;5;20;5;"RAS_016";0,37
455;37;10;5;20;5;"RAS_016";0,37
456;14;10;4;16;4;"RAS_016";0,37
457;26;10;1;4;0;"RAS_016";0,37
458;16;10;9;36;10;"RAS_016";0,37
459;34;10;8;32;10;"RAS_016";0,37
460;1;10;5;20;5;"RAS_016";0,37
461;11;2;1;4;2;"RAS_016";0,37
462;22;50;7;28;8;"RAS_016";0,37
463;7;5;4;16;5;"RAS_016";0,37
464;18;10;5;20;5;"RAS_016";0,37
465;21;20;10;40;15;"RAS_016";0,37
466;36;50;9;36;9;"RAS_016";0,37
467;39;20;9;36;5;"RAS_016";0,37
468;6;10;5;20;10;"RAS_016";0,37
469;31;5;2;8;2;"RAS_016";0,37
470;5;20;4;16;3;"RAS_016";0,37
471;4;10;5;20;10;"RAS_016";0,37
472;3;10;5;20;5;"RAS_016";0,37
473;40;10;4;16;4;"RAS_016";0,37
474;2;20;8;32;5;"RAS_016";0,37
475;17;2;1;4;2;"RAS_016";0,37
476;35;50;10;40;8;"RAS_016";0,37
477;8;2;2;8;4;"RAS_016";0,37
478;33;10;7;28;10;"RAS_016";0,37
479;19;5;2;8;2;"RAS_016";0,37
480;24;20;5;20;2;"RAS_016";0,37
481;22;50;7;28;14;"RAS_017";0,6
482;29;5;5;20;10;"RAS_017";0,6
483;28;10;2;8;4;"RAS_017";0,6
484;19;5;2;8;4;"RAS_017";0,6
485;33;10;7;28;9;"RAS_017";0,6
486;11;2;1;4;2;"RAS_017";0,6
487;16;10;9;36;16;"RAS_017";0,6
488;6;10;5;20;10;"RAS_017";0,6
489;5;20;4;16;8;"RAS_017";0,6
490;14;10;4;16;8;"RAS_017";0,6
491;25;10;5;20;10;"RAS_017";0,6
492;15;20;7;28;14;"RAS_017";0,6
493;37;10;5;20;10;"RAS_017";0,6
494;31;5;2;8;4;"RAS_017";0,6
495;20;20;8;32;15;"RAS_017";0,6
496;4;10;5;20;10;"RAS_017";0,6
497;34;10;8;32;17;"RAS_017";0,6
498;1;10;5;20;10;"RAS_017";0,6
499;13;50;8;32;15;"RAS_017";0,6
500;3;10;5;20;10;"RAS_017";0,6
501;30;2;1;4;2;"RAS_017";0,6
502;36;50;9;36;14;"RAS_017";0,6
503;12;20;10;40;19;"RAS_017";0,6
504;24;20;5;20;10;"RAS_017";0,6
505;32;10;10;40;20;"RAS_017";0,6
506;39;20;9;36;18;"RAS_017";0,6
507;17;2;1;4;2;"RAS_017";0,6
508;2;20;8;32;15;"RAS_017";0,6
509;27;2;1;4;2;"RAS_017";0,6
510;26;10;1;4;1;"RAS_017";0,6
511;8;2;2;8;4;"RAS_017";0,6
512;9;10;5;20;10;"RAS_017";0,6
513;40;10;4;16;8;"RAS_017";0,6
514;23;20;9;36;18;"RAS_017";0,6
515;38;20;7;28;16;"RAS_017";0,6
516;10;5;1;4;1;"RAS_017";0,6
517;18;10;5;20;10;"RAS_017";0,6
518;7;5;4;16;8;"RAS_017";0,6
519;35;50;10;40;15;"RAS_017";0,6
520;21;20;10;40;20;"RAS_017";0,6
521;24;20;5;20;10;"RAS_018";0,48
522;23;20;9;36;10;"RAS_018";0,48
523;34;10;8;32;17;"RAS_018";0,48
524;1;10;5;20;5;"RAS_018";0,48
525;31;5;2;8;2;"RAS_018";0,48
526;21;20;10;40;15;"RAS_018";0,48
527;36;50;9;36;6;"RAS_018";0,48
528;18;10;5;20;5;"RAS_018";0,48
529;20;20;8;32;10;"RAS_018";0,48
530;19;5;2;8;2;"RAS_018";0,48
531;3;10;5;20;7;"RAS_018";0,48
532;10;5;1;4;0;"RAS_018";0,48
533;32;10;10;40;15;"RAS_018";0,48
534;38;20;7;28;10;"RAS_018";0,48
535;11;2;1;4;1;"RAS_018";0,48
536;35;50;10;40;11;"RAS_018";0,48
537;29;5;5;20;10;"RAS_018";0,48
538;7;5;4;16;5;"RAS_018";0,48
539;5;20;4;16;6;"RAS_018";0,48
540;37;10;5;20;7;"RAS_018";0,48
541;40;10;4;16;5;"RAS_018";0,48
542;6;10;5;20;7;"RAS_018";0,48
543;30;2;1;4;1;"RAS_018";0,48
544;4;10;5;20;7;"RAS_018";0,48
545;12;20;10;40;14;"RAS_018";0,48
546;27;2;1;4;1;"RAS_018";0,48
547;14;10;4;16;5;"RAS_018";0,48
548;17;2;1;4;2;"RAS_018";0,48
549;28;10;2;8;3;"RAS_018";0,48
550;25;10;5;20;7;"RAS_018";0,48
551;33;10;7;28;10;"RAS_018";0,48
552;8;2;2;8;4;"RAS_018";0,48
553;26;10;1;4;2;"RAS_018";0,48
554;9;10;5;20;7;"RAS_018";0,48
555;2;20;8;32;11;"RAS_018";0,48
556;13;50;8;32;13;"RAS_018";0,48
557;16;10;9;36;15;"RAS_018";0,48
558;39;20;9;36;14;"RAS_018";0,48
559;15;20;7;28;12;"RAS_018";0,48
560;22;50;7;28;11;"RAS_018";0,48
561;33;10;7;28;24;"RAS_019";0,47
562;37;10;5;20;5;"RAS_019";0,47
563;24;20;5;20;3;"RAS_019";0,47
564;19;5;2;8;3;"RAS_019";0,47
565;27;2;1;4;1;"RAS_019";0,47
566;4;10;5;20;7;"RAS_019";0,47
567;11;2;1;4;1;"RAS_019";0,47
568;16;10;9;36;15;"RAS_019";0,47
569;13;50;8;32;8;"RAS_019";0,47
570;32;10;10;40;20;"RAS_019";0,47
571;8;2;2;8;4;"RAS_019";0,47
572;29;5;5;20;10;"RAS_019";0,47
573;30;2;1;4;1;"RAS_019";0,47
574;22;50;7;28;1;"RAS_019";0,47
575;28;10;2;8;2;"RAS_019";0,47
576;15;20;7;28;7;"RAS_019";0,47
577;21;20;10;40;13;"RAS_019";0,47
578;26;10;1;4;1;"RAS_019";0,47
579;10;5;1;4;1;"RAS_019";0,47
580;20;20;8;32;12;"RAS_019";0,47
581;1;10;5;20;5;"RAS_019";0,47
582;9;10;5;20;5;"RAS_019";0,47
583;39;20;9;36;10;"RAS_019";0,47
584;2;20;8;32;7;"RAS_019";0,47
585;3;10;5;20;5;"RAS_019";0,47
586;38;20;7;28;6;"RAS_019";0,47
587;25;10;5;20;7;"RAS_019";0,47
588;31;5;2;8;2;"RAS_019";0,47
589;23;20;9;36;10;"RAS_019";0,47
590;36;50;9;36;5;"RAS_019";0,47
591;35;50;10;40;5;"RAS_019";0,47
592;18;10;5;20;7;"RAS_019";0,47
593;40;10;4;16;4;"RAS_019";0,47
594;7;5;4;16;8;"RAS_019";0,47
595;12;20;10;40;12;"RAS_019";0,47
596;14;10;4;16;4;"RAS_019";0,47
597;34;10;8;32;15;"RAS_019";0,47
598;6;10;5;20;5;"RAS_019";0,47
599;5;20;4;16;3;"RAS_019";0,47
600;17;2;1;4;1;"RAS_019";0,47
601;5;20;4;16;4;"RAS_020";0,55
602;1;10;5;20;9;"RAS_020";0,55
603;22;50;7;28;5;"RAS_020";0,55
604;40;10;4;16;7;"RAS_020";0,55
605;10;5;1;4;2;"RAS_020";0,55
606;2;20;8;32;10;"RAS_020";0,55
607;37;10;5;20;11;"RAS_020";0,55
608;32;10;10;40;20;"RAS_020";0,55
609;9;10;5;20;19;"RAS_020";0,55
610;39;20;9;36;9;"RAS_020";0,55
611;12;20;10;40;18;"RAS_020";0,55
612;17;2;1;4;2;"RAS_020";0,55
613;29;5;5;20;14;"RAS_020";0,55
614;18;10;5;20;10;"RAS_020";0,55
615;35;50;10;40;9;"RAS_020";0,55
616;11;2;1;4;2;"RAS_020";0,55
617;7;5;4;16;10;"RAS_020";0,55
618;6;10;5;20;8;"RAS_020";0,55
619;36;50;9;36;2;"RAS_020";0,55
620;16;10;9;36;21;"RAS_020";0,55
621;31;5;2;8;3;"RAS_020";0,55
622;13;50;8;32;6;"RAS_020";0,55
623;8;2;2;8;6;"RAS_020";0,55
624;27;2;1;4;2;"RAS_020";0,55
625;23;20;9;36;17;"RAS_020";0,55
626;3;10;5;20;10;"RAS_020";0,55
627;34;10;8;32;17;"RAS_020";0,55
628;28;10;2;8;3;"RAS_020";0,55
629;38;20;7;28;9;"RAS_020";0,55
630;15;20;7;28;8;"RAS_020";0,55
631;4;10;5;20;7;"RAS_020";0,55
632;21;20;10;40;20;"RAS_020";0,55
633;25;10;5;20;11;"RAS_020";0,55
634;24;20;5;20;10;"RAS_020";0,55
635;19;5;2;8;3;"RAS_020";0,55
636;30;2;1;4;2;"RAS_020";0,55
637;33;10;7;28;7;"RAS_020";0,55
638;26;10;1;4;2;"RAS_020";0,55
639;14;10;4;16;8;"RAS_020";0,55
640;20;20;8;32;10;"RAS_020";0,55
641;8;2;2;8;4;"RAS_021";0,55
642;1;10;5;20;8;"RAS_021";0,55
643;29;5;5;20;10;"RAS_021";0,55
644;13;50;8;32;9;"RAS_021";0,55
645;17;2;1;4;1;"RAS_021";0,55
646;16;10;9;36;20;"RAS_021";0,55
647;6;10;5;20;10;"RAS_021";0,55
648;18;10;5;20;9;"RAS_021";0,55
649;2;20;8;32;10;"RAS_021";0,55
650;40;10;4;16;6;"RAS_021";0,55
651;10;5;1;4;2;"RAS_021";0,55
652;11;2;1;4;1;"RAS_021";0,55
653;32;10;10;40;20;"RAS_021";0,55
654;36;50;9;36;10;"RAS_021";0,55
655;33;10;7;28;14;"RAS_021";0,55
656;26;10;1;4;1;"RAS_021";0,55
657;28;10;2;8;3;"RAS_021";0,55
658;14;10;4;16;8;"RAS_021";0,55
659;38;20;7;28;10;"RAS_021";0,55
660;12;20;10;40;20;"RAS_021";0,55
661;25;10;5;20;9;"RAS_021";0,55
662;35;50;10;40;7;"RAS_021";0,55
663;24;20;5;20;8;"RAS_021";0,55
664;31;5;2;8;3;"RAS_021";0,55
665;22;50;7;28;12;"RAS_021";0,55
666;7;5;4;16;5;"RAS_021";0,55
667;20;20;8;32;12;"RAS_021";0,55
668;19;5;2;8;3;"RAS_021";0,55
669;3;10;5;20;10;"RAS_021";0,55
670;39;20;9;36;10;"RAS_021";0,55
671;9;10;5;20;10;"RAS_021";0,55
672;5;20;4;16;7;"RAS_021";0,55
673;15;20;7;28;13;"RAS_021";0,55
674;37;10;5;20;9;"RAS_021";0,55
675;4;10;5;20;10;"RAS_021";0,55
676;23;20;9;36;15;"RAS_021";0,55
677;30;2;1;4;1;"RAS_021";0,55
678;34;10;8;32;14;"RAS_021";0,55
679;21;20;10;40;19;"RAS_021";0,55
680;27;2;1;4;2;"RAS_021";0,55
681;38;20;7;28;10;"RAS_022";0,52
682;35;50;10;40;8;"RAS_022";0,52
683;31;5;2;8;2;"RAS_022";0,52
684;18;10;5;20;8;"RAS_022";0,52
685;7;5;4;16;6;"RAS_022";0,52
686;25;10;5;20;8;"RAS_022";0,52
687;24;20;5;20;4;"RAS_022";0,52
688;26;10;1;4;0;"RAS_022";0,52
689;10;5;1;4;1;"RAS_022";0,52
690;28;10;2;8;1;"RAS_022";0,52
691;4;10;5;20;10;"RAS_022";0,52
692;37;10;5;20;8;"RAS_022";0,52
693;1;10;5;20;10;"RAS_022";0,52
694;12;20;10;40;18;"RAS_022";0,52
695;15;20;7;28;11;"RAS_022";0,52
696;11;2;1;4;1;"RAS_022";0,52
697;14;10;4;16;6;"RAS_022";0,52
698;21;20;10;40;16;"RAS_022";0,52
699;19;5;2;8;4;"RAS_022";0,52
700;29;5;5;20;10;"RAS_022";0,52
701;6;10;5;20;10;"RAS_022";0,52
702;16;10;9;36;17;"RAS_022";0,52
703;20;20;8;32;14;"RAS_022";0,52
704;27;2;1;4;2;"RAS_022";0,52
705;30;2;1;4;2;"RAS_022";0,52
706;23;20;9;36;11;"RAS_022";0,52
707;3;10;5;20;8;"RAS_022";0,52
708;9;10;5;20;8;"RAS_022";0,52
709;34;10;8;32;17;"RAS_022";0,52
710;39;20;9;36;10;"RAS_022";0,52
711;33;10;7;28;13;"RAS_022";0,52
712;5;20;4;16;1;"RAS_022";0,52
713;8;2;2;8;4;"RAS_022";0,52
714;32;10;10;40;21;"RAS_022";0,52
715;36;50;9;36;1;"RAS_022";0,52
716;17;2;1;4;1;"RAS_022";0,52
717;22;50;7;28;1;"RAS_022";0,52
718;40;10;4;16;4;"RAS_022";0,52
719;13;50;8;32;3;"RAS_022";0,52
720;2;20;8;32;6;"RAS_022";0,52
721;23;20;9;36;10;"RAS_023";0,44
722;5;20;4;16;6;"RAS_023";0,44
723;11;2;1;4;2;"RAS_023";0,44
724;39;20;9;36;7;"RAS_023";0,44
725;27;2;1;4;2;"RAS_023";0,44
726;32;10;10;40;26;"RAS_023";0,44
727;17;2;1;4;0;"RAS_023";0,44
728;10;5;1;4;1;"RAS_023";0,44
729;6;10;5;20;7;"RAS_023";0,44
730;36;50;9;36;3;"RAS_023";0,44
731;18;10;5;20;10;"RAS_023";0,44
732;3;10;5;20;11;"RAS_023";0,44
733;40;10;4;16;6;"RAS_023";0,44
734;1;10;5;20;10;"RAS_023";0,44
735;2;20;8;32;12;"RAS_023";0,44
736;19;5;2;8;3;"RAS_023";0,44
737;12;20;10;40;19;"RAS_023";0,44
738;25;10;5;20;14;"RAS_023";0,44
739;15;20;7;28;0;"RAS_023";0,44
740;21;20;10;40;8;"RAS_023";0,44
741;24;20;5;20;0;"RAS_023";0,44
742;7;5;4;16;16;"RAS_023";0,44
743;4;10;5;20;0;"RAS_023";0,44
744;28;10;2;8;8;"RAS_023";0,44
745;14;10;4;16;11;"RAS_023";0,44
746;38;20;7;28;0;"RAS_023";0,44
747;34;10;8;32;0;"RAS_023";0,44
748;20;20;8;32;4;"RAS_023";0,44
749;29;5;5;20;20;"RAS_023";0,44
750;8;2;2;8;8;"RAS_023";0,44
751;35;50;10;40;2;"RAS_023";0,44
752;31;5;2;8;1;"RAS_023";0,44
753;22;50;7;28;5;"RAS_023";0,44
754;37;10;5;20;4;"RAS_023";0,44
755;26;10;1;4;4;"RAS_023";0,44
756;33;10;7;28;4;"RAS_023";0,44
757;9;10;5;20;4;"RAS_023";0,44
758;13;50;8;32;0;"RAS_023";0,44
759;16;10;9;36;3;"RAS_023";0,44
760;30;2;1;4;4;"RAS_023";0,44
761;25;10;5;20;10;"RAS_024";0,54
762;19;5;2;8;3;"RAS_024";0,54
763;6;10;5;20;10;"RAS_024";0,54
764;39;20;9;36;17;"RAS_024";0,54
765;11;2;1;4;2;"RAS_024";0,54
766;14;10;4;16;8;"RAS_024";0,54
767;22;50;7;28;6;"RAS_024";0,54
768;32;10;10;40;22;"RAS_024";0,54
769;5;20;4;16;6;"RAS_024";0,54
770;9;10;5;20;10;"RAS_024";0,54
771;38;20;7;28;8;"RAS_024";0,54
772;4;10;5;20;10;"RAS_024";0,54
773;31;5;2;8;2;"RAS_024";0,54
774;16;10;9;36;10;"RAS_024";0,54
775;20;20;8;32;8;"RAS_024";0,54
776;33;10;7;28;10;"RAS_024";0,54
777;12;20;10;40;10;"RAS_024";0,54
778;27;2;1;4;2;"RAS_024";0,54
779;24;20;5;20;5;"RAS_024";0,54
780;36;50;9;36;6;"RAS_024";0,54
781;18;10;5;20;10;"RAS_024";0,54
782;2;20;8;32;8;"RAS_024";0,54
783;7;5;4;16;8;"RAS_024";0,54
784;23;20;9;36;10;"RAS_024";0,54
785;10;5;1;4;0;"RAS_024";0,54
786;28;10;2;8;4;"RAS_024";0,54
787;40;10;4;16;5;"RAS_024";0,54
788;30;2;1;4;2;"RAS_024";0,54
789;8;2;2;8;4;"RAS_024";0,54
790;3;10;5;20;10;"RAS_024";0,54
791;29;5;5;20;12;"RAS_024";0,54
792;21;20;10;40;34;"RAS_024";0,54
793;26;10;1;4;1;"RAS_024";0,54
794;37;10;5;20;5;"RAS_024";0,54
795;13;50;8;32;8;"RAS_024";0,54
796;35;50;10;40;10;"RAS_024";0,54
797;34;10;8;32;12;"RAS_024";0,54
798;15;20;7;28;14;"RAS_024";0,54
799;17;2;1;4;2;"RAS_024";0,54
800;1;10;5;20;10;"RAS_024";0,54
801;15;20;7;28;8;"RAS_025";0,51
802;18;10;5;20;8;"RAS_025";0,51
803;19;5;2;8;3;"RAS_025";0,51
804;27;2;1;4;2;"RAS_025";0,51
805;35;50;10;40;0;"RAS_025";0,51
806;23;20;9;36;13;"RAS_025";0,51
807;25;10;5;20;8;"RAS_025";0,51
808;32;10;10;40;20;"RAS_025";0,51
809;10;5;1;4;0;"RAS_025";0,51
810;37;10;5;20;13;"RAS_025";0,51
811;26;10;1;4;0;"RAS_025";0,51
812;11;2;1;4;2;"RAS_025";0,51
813;7;5;4;16;8;"RAS_025";0,51
814;34;10;8;32;15;"RAS_025";0,51
815;4;10;5;20;13;"RAS_025";0,51
816;33;10;7;28;12;"RAS_025";0,51
817;6;10;5;20;8;"RAS_025";0,51
818;21;20;10;40;15;"RAS_025";0,51
819;13;50;8;32;0;"RAS_025";0,51
820;22;50;7;28;0;"RAS_025";0,51
821;2;20;8;32;10;"RAS_025";0,51
822;36;50;9;36;0;"RAS_025";0,51
823;5;20;4;16;0;"RAS_025";0,51
824;39;20;9;36;12;"RAS_025";0,51
825;16;10;9;36;18;"RAS_025";0,51
826;38;20;7;28;8;"RAS_025";0,51
827;28;10;2;8;0;"RAS_025";0,51
828;14;10;4;16;5;"RAS_025";0,51
829;12;20;10;40;15;"RAS_025";0,51
830;24;20;5;20;3;"RAS_025";0,51
831;31;5;2;8;3;"RAS_025";0,51
832;1;10;5;20;8;"RAS_025";0,51
833;40;10;4;16;5;"RAS_025";0,51
834;30;2;1;4;2;"RAS_025";0,51
835;17;2;1;4;2;"RAS_025";0,51
836;8;2;2;8;4;"RAS_025";0,51
837;3;10;5;20;8;"RAS_025";0,51
838;29;5;5;20;10;"RAS_025";0,51
839;20;20;8;32;10;"RAS_025";0,51
840;9;10;5;20;8;"RAS_025";0,51
841;36;50;9;36;20;"RAS_026";0,63
842;1;10;5;20;10;"RAS_026";0,63
843;31;5;2;8;3;"RAS_026";0,63
844;7;5;4;16;10;"RAS_026";0,63
845;23;20;9;36;18;"RAS_026";0,63
846;21;20;10;40;20;"RAS_026";0,63
847;13;50;8;32;12;"RAS_026";0,63
848;24;20;5;20;10;"RAS_026";0,63
849;34;10;8;32;20;"RAS_026";0,63
850;19;5;2;8;3;"RAS_026";0,63
851;30;2;1;4;2;"RAS_026";0,63
852;32;10;10;40;29;"RAS_026";0,63
853;15;20;7;28;12;"RAS_026";0,63
854;17;2;1;4;2;"RAS_026";0,63
855;20;20;8;32;14;"RAS_026";0,63
856;10;5;1;4;1;"RAS_026";0,63
857;38;20;7;28;13;"RAS_026";0,63
858;18;10;5;20;11;"RAS_026";0,63
859;35;50;10;40;13;"RAS_026";0,63
860;8;2;2;8;5;"RAS_026";0,63
861;11;2;1;4;2;"RAS_026";0,63
862;29;5;5;20;14;"RAS_026";0,63
863;27;2;1;4;2;"RAS_026";0,63
864;6;10;5;20;10;"RAS_026";0,63
865;25;10;5;20;11;"RAS_026";0,63
866;9;10;5;20;10;"RAS_026";0,63
867;39;20;9;36;17;"RAS_026";0,63
868;26;10;1;4;0;"RAS_026";0,63
869;28;10;2;8;2;"RAS_026";0,63
870;16;10;9;36;26;"RAS_026";0,63
871;4;10;5;20;10;"RAS_026";0,63
872;22;50;7;28;11;"RAS_026";0,63
873;33;10;7;28;15;"RAS_026";0,63
874;14;10;4;16;7;"RAS_026";0,63
875;3;10;5;20;10;"RAS_026";0,63
876;5;20;4;16;6;"RAS_026";0,63
877;40;10;4;16;7;"RAS_026";0,63
878;2;20;8;32;14;"RAS_026";0,63
879;12;20;10;40;20;"RAS_026";0,63
880;37;10;5;20;10;"RAS_026";0,63
881;22;50;7;28;2;"RAS_027";0,
882;12;20;10;40;3;"RAS_027";0,
883;2;20;8;32;2;"RAS_027";0,
884;29;5;5;20;10;"RAS_027";0,
885;8;2;2;8;2;"RAS_027";0,
886;16;10;9;36;9;"RAS_027";0,
887;7;5;4;16;5;"RAS_027";0,
888;21;20;10;40;10;"RAS_027";0,
889;20;20;8;32;8;"RAS_027";0,
890;39;20;9;36;4;"RAS_027";0,
891;32;10;10;40;1;"RAS_027";0,
892;30;2;1;4;0;"RAS_027";0,
893;26;10;1;4;0;"RAS_027";0,
894;9;10;5;20;5;"RAS_027";0,
895;37;10;5;20;5;"RAS_027";0,
896;5;20;4;16;0;"RAS_027";0,
897;28;10;2;8;0;"RAS_027";0,
898;33;10;7;28;3;"RAS_027";0,
899;15;20;7;28;7;"RAS_027";0,
900;13;50;8;32;0;"RAS_027";0,
901;14;10;4;16;3;"RAS_027";0,
902;6;10;5;20;5;"RAS_027";0,
903;38;20;7;28;3;"RAS_027";0,
904;27;2;1;4;0;"RAS_027";0,
905;36;50;9;36;0;"RAS_027";0,
906;40;10;4;16;4;"RAS_027";0,
907;25;10;5;20;5;"RAS_027";0,
908;18;10;5;20;5;"RAS_027";0,
909;11;2;1;4;0;"RAS_027";0,
910;17;2;1;4;1;"RAS_027";0,
911;31;5;2;8;3;"RAS_027";0,
912;19;5;2;8;3;"RAS_027";0,
913;34;10;8;32;5;"RAS_027";0,
914;3;10;5;20;7;"RAS_027";0,
915;24;20;5;20;2;"RAS_027";0,
916;4;10;5;20;5;"RAS_027";0,
917;1;10;5;20;5;"RAS_027";0,
918;35;50;10;40;0;"RAS_027";0,
919;23;20;9;36;6;"RAS_027";0,
920;10;5;1;4;0;"RAS_027";0,
921;38;20;7;28;7;"RAS_028";0,27
922;36;50;9;36;10;"RAS_028";0,27
923;9;10;5;20;5;"RAS_028";0,27
924;2;20;8;32;12;"RAS_028";0,27
925;25;10;5;20;8;"RAS_028";0,27
926;27;2;1;4;0;"RAS_028";0,27
927;31;5;2;8;0;"RAS_028";0,27
928;11;2;1;4;2;"RAS_028";0,27
929;21;20;10;40;15;"RAS_028";0,27
930;5;20;4;16;4;"RAS_028";0,27
931;28;10;2;8;2;"RAS_028";0,27
932;19;5;2;8;2;"RAS_028";0,27
933;8;2;2;8;2;"RAS_028";0,27
934;23;20;9;36;10;"RAS_028";0,27
935;37;10;5;20;5;"RAS_028";0,27
936;6;10;5;20;6;"RAS_028";0,27
937;29;5;5;20;8;"RAS_028";0,27
938;17;2;1;4;1;"RAS_028";0,27
939;3;10;5;20;5;"RAS_028";0,27
940;35;50;10;40;14;"RAS_028";0,27
941;40;10;4;16;6;"RAS_028";0,27
942;15;20;7;28;8;"RAS_028";0,27
943;26;10;1;4;0;"RAS_028";0,27
944;12;20;10;40;15;"RAS_028";0,27
945;39;20;9;36;9;"RAS_028";0,27
946;7;5;4;16;4;"RAS_028";0,27
947;22;50;7;28;6;"RAS_028";0,27
948;24;20;5;20;4;"RAS_028";0,27
949;34;10;8;32;8;"RAS_028";0,27
950;30;2;1;4;1;"RAS_028";0,27
951;18;10;5;20;5;"RAS_028";0,27
952;14;10;4;16;4;"RAS_028";0,27
953;33;10;7;28;7;"RAS_028";0,27
954;32;10;10;40;10;"RAS_028";0,27
955;10;5;1;4;1;"RAS_028";0,27
956;1;10;5;20;5;"RAS_028";0,27
957;16;10;9;36;8;"RAS_028";0,27
958;13;50;8;32;7;"RAS_028";0,27
959;4;10;5;20;4;"RAS_028";0,27
960;20;20;8;32;7;"RAS_028";0,27
961;13;50;8;32;10;"RAS_029";0,51
962;36;50;9;36;8;"RAS_029";0,51
963;19;5;2;8;8;"RAS_029";0,51
964;23;20;9;36;10;"RAS_029";0,51
965;28;10;2;8;2;"RAS_029";0,51
966;25;10;5;20;7;"RAS_029";0,51
967;27;2;1;4;2;"RAS_029";0,51
968;6;10;5;20;6;"RAS_029";0,51
969;3;10;5;20;8;"RAS_029";0,51
970;31;5;2;8;4;"RAS_029";0,51
971;17;2;1;4;1;"RAS_029";0,51
972;38;20;7;28;12;"RAS_029";0,51
973;14;10;4;16;4;"RAS_029";0,51
974;4;10;5;20;6;"RAS_029";0,51
975;18;10;5;20;9;"RAS_029";0,51
976;29;5;5;20;10;"RAS_029";0,51
977;22;50;7;28;7;"RAS_029";0,51
978;15;20;7;28;6;"RAS_029";0,51
979;39;20;9;36;16;"RAS_029";0,51
980;32;10;10;40;20;"RAS_029";0,51
981;21;20;10;40;16;"RAS_029";0,51
982;37;10;5;20;8;"RAS_029";0,51
983;5;20;4;16;4;"RAS_029";0,51
984;7;5;4;16;6;"RAS_029";0,51
985;9;10;5;20;9;"RAS_029";0,51
986;16;10;9;36;16;"RAS_029";0,51
987;12;20;10;40;17;"RAS_029";0,51
988;2;20;8;32;10;"RAS_029";0,51
989;11;2;1;4;2;"RAS_029";0,51
990;40;10;4;16;6;"RAS_029";0,51
991;26;10;1;4;0;"RAS_029";0,51
992;30;2;1;4;1;"RAS_029";0,51
993;33;10;7;28;13;"RAS_029";0,51
994;10;5;1;4;1;"RAS_029";0,51
995;35;50;10;40;5;"RAS_029";0,51
996;1;10;5;20;6;"RAS_029";0,51
997;20;20;8;32;10;"RAS_029";0,51
998;8;2;2;8;4;"RAS_029";0,51
999;34;10;8;32;15;"RAS_029";0,51
1000;24;20;5;20;3;"RAS_029";0,51
1001;18;10;5;20;3;"RAS_030";0,55
1002;20;20;8;32;13;"RAS_030";0,55
1003;7;5;4;16;7;"RAS_030";0,55
1004;4;10;5;20;7;"RAS_030";0,55
1005;37;10;5;20;9;"RAS_030";0,55
1006;21;20;10;40;10;"RAS_030";0,55
1007;14;10;4;16;5;"RAS_030";0,55
1008;26;10;1;4;4;"RAS_030";0,55
1009;1;10;5;20;11;"RAS_030";0,55
1010;5;20;4;16;10;"RAS_030";0,55
1011;36;50;9;36;11;"RAS_030";0,55
1012;35;50;10;40;9;"RAS_030";0,55
1013;11;2;1;4;1;"RAS_030";0,55
1014;27;2;1;4;2;"RAS_030";0,55
1015;13;50;8;32;12;"RAS_030";0,55
1016;31;5;2;8;4;"RAS_030";0,55
1017;6;10;5;20;11;"RAS_030";0,55
1018;34;10;8;32;17;"RAS_030";0,55
1019;2;20;8;32;16;"RAS_030";0,55
1020;15;20;7;28;8;"RAS_030";0,55
1021;8;2;2;8;4;"RAS_030";0,55
1022;3;10;5;20;11;"RAS_030";0,55
1023;23;20;9;36;17;"RAS_030";0,55
1024;16;10;9;36;25;"RAS_030";0,55
1025;32;10;10;40;25;"RAS_030";0,55
1026;40;10;4;16;7;"RAS_030";0,55
1027;12;20;10;40;20;"RAS_030";0,55
1028;19;5;2;8;3;"RAS_030";0,55
1029;9;10;5;20;6;"RAS_030";0,55
1030;22;50;7;28;8;"RAS_030";0,55
1031;10;5;1;4;3;"RAS_030";0,55
1032;30;2;1;4;2;"RAS_030";0,55
1033;17;2;1;4;2;"RAS_030";0,55
1034;29;5;5;20;10;"RAS_030";0,55
1035;39;20;9;36;16;"RAS_030";0,55
1036;33;10;7;28;13;"RAS_030";0,55
1037;38;20;7;28;8;"RAS_030";0,55
1038;24;20;5;20;2;"RAS_030";0,55
1039;28;10;2;8;8;"RAS_030";0,55
1040;25;10;5;20;7;"RAS_030";0,55
1041;16;10;9;36;11;"RAS_031";0,59
1042;40;10;4;16;8;"RAS_031";0,59
1043;11;2;1;4;0;"RAS_031";0,59
1044;15;20;7;28;10;"RAS_031";0,59
1045;26;10;1;4;1;"RAS_031";0,59
1046;24;20;5;20;10;"RAS_031";0,59
1047;32;10;10;40;20;"RAS_031";0,59
1048;17;2;1;4;0;"RAS_031";0,59
1049;10;5;1;4;0;"RAS_031";0,59
1050;37;10;5;20;9;"RAS_031";0,59
1051;8;2;2;8;3;"RAS_031";0,59
1052;5;20;4;16;8;"RAS_031";0,59
1053;19;5;2;8;2;"RAS_031";0,59
1054;27;2;1;4;0;"RAS_031";0,59
1055;23;20;9;36;18;"RAS_031";0,59
1056;3;10;5;20;9;"RAS_031";0,59
1057;4;10;5;20;10;"RAS_031";0,59
1058;13;50;8;32;15;"RAS_031";0,59
1059;28;10;2;8;2;"RAS_031";0,59
1060;21;20;10;40;19;"RAS_031";0,59
1061;20;20;8;32;16;"RAS_031";0,59
1062;36;50;9;36;10;"RAS_031";0,59
1063;25;10;5;20;10;"RAS_031";0,59
1064;1;10;5;20;10;"RAS_031";0,59
1065;6;10;5;20;10;"RAS_031";0,59
1066;33;10;7;28;14;"RAS_031";0,59
1067;9;10;5;20;10;"RAS_031";0,59
1068;31;5;2;8;2;"RAS_031";0,59
1069;22;50;7;28;13;"RAS_031";0,59
1070;34;10;8;32;18;"RAS_031";0,59
1071;12;20;10;40;19;"RAS_031";0,59
1072;29;5;5;20;11;"RAS_031";0,59
1073;30;2;1;4;2;"RAS_031";0,59
1074;39;20;9;36;18;"RAS_031";0,59
1075;18;10;5;20;8;"RAS_031";0,59
1076;35;50;10;40;5;"RAS_031";0,59
1077;7;5;4;16;5;"RAS_031";0,59
1078;38;20;7;28;19;"RAS_031";0,59
1079;2;20;8;32;17;"RAS_031";0,59
1080;14;10;4;16;7;"RAS_031";0,59
1081;40;10;4;16;0;"RAS_032";0,59
1082;28;10;2;8;4;"RAS_032";0,59
1083;22;50;7;28;14;"RAS_032";0,59
1084;17;2;1;4;2;"RAS_032";0,59
1085;14;10;4;16;7;"RAS_032";0,59
1086;4;10;5;20;10;"RAS_032";0,59
1087;18;10;5;20;10;"RAS_032";0,59
1088;7;5;4;16;9;"RAS_032";0,59
1089;24;20;5;20;5;"RAS_032";0,59
1090;34;10;8;32;17;"RAS_032";0,59
1091;8;2;2;8;4;"RAS_032";0,59
1092;1;10;5;20;5;"RAS_032";0,59
1093;37;10;5;20;11;"RAS_032";0,59
1094;15;20;7;28;10;"RAS_032";0,59
1095;16;10;9;36;20;"RAS_032";0,59
1096;6;10;5;20;10;"RAS_032";0,59
1097;36;50;9;36;8;"RAS_032";0,59
1098;27;2;1;4;3;"RAS_032";0,59
1099;39;20;9;36;16;"RAS_032";0,59
1100;21;20;10;40;28;"RAS_032";0,59
1101;30;2;1;4;3;"RAS_032";0,59
1102;38;20;7;28;11;"RAS_032";0,59
1103;3;10;5;20;10;"RAS_032";0,59
1104;29;5;5;20;15;"RAS_032";0,59
1105;26;10;1;4;1;"RAS_032";0,59
1106;12;20;10;40;20;"RAS_032";0,59
1107;31;5;2;8;3;"RAS_032";0,59
1108;33;10;7;28;10;"RAS_032";0,59
1109;5;20;4;16;5;"RAS_032";0,59
1110;32;10;10;40;28;"RAS_032";0,59
1111;20;20;8;32;12;"RAS_032";0,59
1112;19;5;2;8;4;"RAS_032";0,59
1113;13;50;8;32;16;"RAS_032";0,59
1114;35;50;10;40;20;"RAS_032";0,59
1115;9;10;5;20;10;"RAS_032";0,59
1116;2;20;8;32;12;"RAS_032";0,59
1117;23;20;9;36;16;"RAS_032";0,59
1118;25;10;5;20;10;"RAS_032";0,59
1119;10;5;1;4;1;"RAS_032";0,59
1120;11;2;1;4;2;"RAS_032";0,59
1121;19;5;2;8;2;"RAS_033";0,58
1122;2;20;8;32;14;"RAS_033";0,58
1123;22;50;7;28;14;"RAS_033";0,58
1124;15;20;7;28;10;"RAS_033";0,58
1125;39;20;9;36;16;"RAS_033";0,58
1126;3;10;5;20;10;"RAS_033";0,58
1127;11;2;1;4;2;"RAS_033";0,58
1128;38;20;7;28;13;"RAS_033";0,58
1129;23;20;9;36;17;"RAS_033";0,58
1130;32;10;10;40;20;"RAS_033";0,58
1131;28;10;2;8;3;"RAS_033";0,58
1132;25;10;5;20;10;"RAS_033";0,58
1133;37;10;5;20;10;"RAS_033";0,58
1134;20;20;8;32;14;"RAS_033";0,58
1135;16;10;9;36;20;"RAS_033";0,58
1136;31;5;2;8;4;"RAS_033";0,58
1137;34;10;8;32;16;"RAS_033";0,58
1138;9;10;5;20;10;"RAS_033";0,58
1139;29;5;5;20;12;"RAS_033";0,58
1140;6;10;5;20;10;"RAS_033";0,58
1141;36;50;9;36;16;"RAS_033";0,58
1142;1;10;5;20;10;"RAS_033";0,58
1143;33;10;7;28;14;"RAS_033";0,58
1144;30;2;1;4;2;"RAS_033";0,58
1145;17;2;1;4;2;"RAS_033";0,58
1146;7;5;4;16;9;"RAS_033";0,58
1147;27;2;1;4;2;"RAS_033";0,58
1148;26;10;1;4;1;"RAS_033";0,58
1149;24;20;5;20;5;"RAS_033";0,58
1150;35;50;10;40;10;"RAS_033";0,58
1151;8;2;2;8;5;"RAS_033";0,58
1152;18;10;5;20;10;"RAS_033";0,58
1153;21;20;10;40;20;"RAS_033";0,58
1154;12;20;10;40;20;"RAS_033";0,58
1155;14;10;4;16;5;"RAS_033";0,58
1156;4;10;5;20;10;"RAS_033";0,58
1157;40;10;4;16;7;"RAS_033";0,58
1158;13;50;8;32;10;"RAS_033";0,58
1159;10;5;1;4;1;"RAS_033";0,58
1160;5;20;4;16;4;"RAS_033";0,58
1161;4;10;5;20;10;"RAS_034";0,51
1162;5;20;4;16;16;"RAS_034";0,51
1163;29;5;5;20;10;"RAS_034";0,51
1164;32;10;10;40;20;"RAS_034";0,51
1165;13;50;8;32;0;"RAS_034";0,51
1166;37;10;5;20;8;"RAS_034";0,51
1167;40;10;4;16;6;"RAS_034";0,51
1168;1;10;5;20;7;"RAS_034";0,51
1169;26;10;1;4;0;"RAS_034";0,51
1170;16;10;9;36;17;"RAS_034";0,51
1171;6;10;5;20;7;"RAS_034";0,51
1172;30;2;1;4;1;"RAS_034";0,51
1173;36;50;9;36;11;"RAS_034";0,51
1174;21;20;10;40;15;"RAS_034";0,51
1175;17;2;1;4;1;"RAS_034";0,51
1176;38;20;7;28;10;"RAS_034";0,51
1177;25;10;5;20;7;"RAS_034";0,51
1178;7;5;4;16;6;"RAS_034";0,51
1179;22;50;7;28;10;"RAS_034";0,51
1180;23;20;9;36;14;"RAS_034";0,51
1181;39;20;9;36;14;"RAS_034";0,51
1182;35;50;10;40;10;"RAS_034";0,51
1183;19;5;2;8;3;"RAS_034";0,51
1184;27;2;1;4;1;"RAS_034";0,51
1185;20;20;8;32;12;"RAS_034";0,51
1186;12;20;10;40;15;"RAS_034";0,51
1187;8;2;2;8;4;"RAS_034";0,51
1188;11;2;1;4;1;"RAS_034";0,51
1189;15;20;7;28;10;"RAS_034";0,51
1190;31;5;2;8;3;"RAS_034";0,51
1191;9;10;5;20;7;"RAS_034";0,51
1192;3;10;5;20;7;"RAS_034";0,51
1193;18;10;5;20;7;"RAS_034";0,51
1194;28;10;2;8;2;"RAS_034";0,51
1195;10;5;1;4;1;"RAS_034";0,51
1196;34;10;8;32;12;"RAS_034";0,51
1197;33;10;7;28;10;"RAS_034";0,51
1198;2;20;8;32;10;"RAS_034";0,51
1199;24;20;5;20;5;"RAS_034";0,51
1200;14;10;4;16;6;"RAS_034";0,51
1201;26;10;1;4;0;"RAS_035";0,
1202;15;20;7;28;0;"RAS_035";0,
1203;11;2;1;4;0;"RAS_035";0,
1204;13;50;8;32;0;"RAS_035";0,
1205;23;20;9;36;0;"RAS_035";0,
1206;39;20;9;36;0;"RAS_035";0,
1207;35;50;10;40;0;"RAS_035";0,
1208;33;10;7;28;0;"RAS_035";0,
1209;19;5;2;8;0;"RAS_035";0,
1210;25;10;5;20;0;"RAS_035";0,
1211;24;20;5;20;0;"RAS_035";0,
1212;30;2;1;4;0;"RAS_035";0,
1213;16;10;9;36;3;"RAS_035";0,
1214;8;2;2;8;0;"RAS_035";0,
1215;37;10;5;20;5;"RAS_035";0,
1216;9;10;5;20;5;"RAS_035";0,
1217;12;20;10;40;20;"RAS_035";0,
1218;4;10;5;20;5;"RAS_035";0,
1219;7;5;4;16;0;"RAS_035";0,
1220;3;10;5;20;0;"RAS_035";0,
1221;5;20;4;16;5;"RAS_035";0,
1222;32;10;10;40;10;"RAS_035";0,
1223;28;10;2;8;1;"RAS_035";0,
1224;21;20;10;40;10;"RAS_035";0,
1225;10;5;1;4;1;"RAS_035";0,
1226;17;2;1;4;0;"RAS_035";0,
1227;1;10;5;20;2;"RAS_035";0,
1228;14;10;4;16;5;"RAS_035";0,
1229;38;20;7;28;5;"RAS_035";0,
1230;2;20;8;32;11;"RAS_035";0,
1231;40;10;4;16;4;"RAS_035";0,
1232;29;5;5;20;5;"RAS_035";0,
1233;34;10;8;32;10;"RAS_035";0,
1234;18;10;5;20;3;"RAS_035";0,
1235;36;50;9;36;10;"RAS_035";0,
1236;31;5;2;8;2;"RAS_035";0,
1237;22;50;7;28;10;"RAS_035";0,
1238;20;20;8;32;10;"RAS_035";0,
1239;6;10;5;20;10;"RAS_035";0,
1240;27;2;1;4;0;"RAS_035";0,
1241;25;10;5;20;6;"RAS_036";0,45
1242;40;10;4;16;13;"RAS_036";0,45
1243;33;10;7;28;6;"RAS_036";0,45
1244;24;20;5;20;2;"RAS_036";0,45
1245;18;10;5;20;5;"RAS_036";0,45
1246;26;10;1;4;0;"RAS_036";0,45
1247;37;10;5;20;8;"RAS_036";0,45
1248;27;2;1;4;0;"RAS_036";0,45
1249;30;2;1;4;1;"RAS_036";0,45
1250;38;20;7;28;2;"RAS_036";0,45
1251;21;20;10;40;1;"RAS_036";0,45
1252;22;50;7;28;0;"RAS_036";0,45
1253;34;10;8;32;14;"RAS_036";0,45
1254;8;2;2;8;5;"RAS_036";0,45
1255;16;10;9;36;8;"RAS_036";0,45
1256;9;10;5;20;11;"RAS_036";0,45
1257;14;10;4;16;2;"RAS_036";0,45
1258;11;2;1;4;2;"RAS_036";0,45
1259;10;5;1;4;1;"RAS_036";0,45
1260;31;5;2;8;6;"RAS_036";0,45
1261;7;5;4;16;13;"RAS_036";0,45
1262;28;10;2;8;1;"RAS_036";0,45
1263;6;10;5;20;6;"RAS_036";0,45
1264;13;50;8;32;12;"RAS_036";0,45
1265;32;10;10;40;30;"RAS_036";0,45
1266;39;20;9;36;16;"RAS_036";0,45
1267;15;20;7;28;20;"RAS_036";0,45
1268;5;20;4;16;8;"RAS_036";0,45
1269;2;20;8;32;11;"RAS_036";0,45
1270;4;10;5;20;10;"RAS_036";0,45
1271;17;2;1;4;1;"RAS_036";0,45
1272;12;20;10;40;7;"RAS_036";0,45
1273;1;10;5;20;10;"RAS_036";0,45
1274;35;50;10;40;4;"RAS_036";0,45
1275;23;20;9;36;10;"RAS_036";0,45
1276;29;5;5;20;11;"RAS_036";0,45
1277;36;50;9;36;10;"RAS_036";0,45
1278;19;5;2;8;2;"RAS_036";0,45
1279;20;20;8;32;5;"RAS_036";0,45
1280;3;10;5;20;5;"RAS_036";0,45
1281;29;5;5;20;10;"RAS_037";0,59
1282;10;5;1;4;2;"RAS_037";0,59
1283;16;10;9;36;16;"RAS_037";0,59
1284;4;10;5;20;15;"RAS_037";0,59
1285;19;5;2;8;4;"RAS_037";0,59
1286;22;50;7;28;13;"RAS_037";0,59
1287;9;10;5;20;10;"RAS_037";0,59
1288;6;10;5;20;10;"RAS_037";0,59
1289;7;5;4;16;7;"RAS_037";0,59
1290;40;10;4;16;11;"RAS_037";0,59
1291;15;20;7;28;12;"RAS_037";0,59
1292;13;50;8;32;8;"RAS_037";0,59
1293;2;20;8;32;16;"RAS_037";0,59
1294;27;2;1;4;2;"RAS_037";0,59
1295;37;10;5;20;10;"RAS_037";0,59
1296;17;2;1;4;2;"RAS_037";0,59
1297;32;10;10;40;21;"RAS_037";0,59
1298;20;20;8;32;18;"RAS_037";0,59
1299;12;20;10;40;18;"RAS_037";0,59
1300;35;50;10;40;20;"RAS_037";0,59
1301;39;20;9;36;17;"RAS_037";0,59
1302;34;10;8;32;18;"RAS_037";0,59
1303;31;5;2;8;5;"RAS_037";0,59
1304;1;10;5;20;10;"RAS_037";0,59
1305;8;2;2;8;8;"RAS_037";0,59
1306;23;20;9;36;14;"RAS_037";0,59
1307;25;10;5;20;10;"RAS_037";0,59
1308;30;2;1;4;2;"RAS_037";0,59
1309;24;20;5;20;10;"RAS_037";0,59
1310;28;10;2;8;4;"RAS_037";0,59
1311;14;10;4;16;5;"RAS_037";0,59
1312;5;20;4;16;5;"RAS_037";0,59
1313;18;10;5;20;7;"RAS_037";0,59
1314;11;2;1;4;2;"RAS_037";0,59
1315;26;10;1;4;1;"RAS_037";0,59
1316;36;50;9;36;5;"RAS_037";0,59
1317;21;20;10;40;15;"RAS_037";0,59
1318;3;10;5;20;11;"RAS_037";0,59
1319;38;20;7;28;13;"RAS_037";0,59
1320;33;10;7;28;14;"RAS_037";0,59
1321;37;10;5;20;10;"RAS_038";0,53
1322;14;10;4;16;6;"RAS_038";0,53
1323;24;20;5;20;5;"RAS_038";0,53
1324;35;50;10;40;8;"RAS_038";0,53
1325;3;10;5;20;5;"RAS_038";0,53
1326;7;5;4;16;10;"RAS_038";0,53
1327;1;10;5;20;10;"RAS_038";0,53
1328;40;10;4;16;4;"RAS_038";0,53
1329;5;20;4;16;2;"RAS_038";0,53
1330;4;10;5;20;8;"RAS_038";0,53
1331;33;10;7;28;8;"RAS_038";0,53
1332;16;10;9;36;16;"RAS_038";0,53
1333;19;5;2;8;3;"RAS_038";0,53
1334;22;50;7;28;8;"RAS_038";0,53
1335;17;2;1;4;2;"RAS_038";0,53
1336;39;20;9;36;10;"RAS_038";0,53
1337;8;2;2;8;6;"RAS_038";0,53
1338;25;10;5;20;10;"RAS_038";0,53
1339;31;5;2;8;4;"RAS_038";0,53
1340;29;5;5;20;15;"RAS_038";0,53
1341;2;20;8;32;10;"RAS_038";0,53
1342;21;20;10;40;15;"RAS_038";0,53
1343;18;10;5;20;8;"RAS_038";0,53
1344;36;50;9;36;4;"RAS_038";0,53
1345;15;20;7;28;14;"RAS_038";0,53
1346;27;2;1;4;2;"RAS_038";0,53
1347;26;10;1;4;0;"RAS_038";0,53
1348;9;10;5;20;10;"RAS_038";0,53
1349;28;10;2;8;0;"RAS_038";0,53
1350;38;20;7;28;7;"RAS_038";0,53
1351;12;20;10;40;20;"RAS_038";0,53
1352;30;2;1;4;2;"RAS_038";0,53
1353;6;10;5;20;10;"RAS_038";0,53
1354;32;10;10;40;25;"RAS_038";0,53
1355;11;2;1;4;2;"RAS_038";0,53
1356;10;5;1;4;0;"RAS_038";0,53
1357;34;10;8;32;16;"RAS_038";0,53
1358;20;20;8;32;10;"RAS_038";0,53
1359;23;20;9;36;11;"RAS_038";0,53
1360;13;50;8;32;2;"RAS_038";0,53
1361;11;2;1;4;2;"RAS_040";0,52
1362;18;10;5;20;10;"RAS_040";0,52
1363;37;10;5;20;10;"RAS_040";0,52
1364;14;10;4;16;12;"RAS_040";0,52
1365;1;10;5;20;5;"RAS_040";0,52
1366;32;10;10;40;18;"RAS_040";0,52
1367;12;20;10;40;10;"RAS_040";0,52
1368;17;2;1;4;2;"RAS_040";0,52
1369;15;20;7;28;8;"RAS_040";0,52
1370;29;5;5;20;11;"RAS_040";0,52
1371;38;20;7;28;7;"RAS_040";0,52
1372;3;10;5;20;10;"RAS_040";0,52
1373;8;2;2;8;4;"RAS_040";0,52
1374;6;10;5;20;9;"RAS_040";0,52
1375;7;5;4;16;7;"RAS_040";0,52
1376;19;5;2;8;3;"RAS_040";0,52
1377;26;10;1;4;1;"RAS_040";0,52
1378;33;10;7;28;10;"RAS_040";0,52
1379;24;20;5;20;4;"RAS_040";0,52
1380;27;2;1;4;1;"RAS_040";0,52
1381;28;10;2;8;1;"RAS_040";0,52
1382;39;20;9;36;12;"RAS_040";0,52
1383;10;5;1;4;1;"RAS_040";0,52
1384;31;5;2;8;3;"RAS_040";0,52
1385;35;50;10;40;10;"RAS_040";0,52
1386;20;20;8;32;10;"RAS_040";0,52
1387;25;10;5;20;10;"RAS_040";0,52
1388;34;10;8;32;16;"RAS_040";0,52
1389;22;50;7;28;6;"RAS_040";0,52
1390;21;20;10;40;17;"RAS_040";0,52
1391;5;20;4;16;3;"RAS_040";0,52
1392;36;50;9;36;7;"RAS_040";0,52
1393;9;10;5;20;10;"RAS_040";0,52
1394;40;10;4;16;5;"RAS_040";0,52
1395;4;10;5;20;10;"RAS_040";0,52
1396;30;2;1;4;2;"RAS_040";0,52
1397;16;10;9;36;26;"RAS_040";0,52
1398;13;50;8;32;5;"RAS_040";0,52
1399;2;20;8;32;10;"RAS_040";0,52
1400;23;20;9;36;16;"RAS_040";0,52
